X,Y,Index_,ACCNUM,YEAR,DATE,TIME,HOUR,STREET1,Night,STREET2,OFFSET,ROAD_CLASS,District,WardNum,Division,LATITUDE,LONGITUDE,LOCCOORD,ACCLOC,TRAFFCTL,VISIBILITY,VISIBILITY_Clear,LIGHT,RDSFCOND,ACCLASS,IMPACTYPE,INVTYPE,INVAGE,Age Class,INJURY,FATAL_NO,INITDIR,VEHTYPE,MANOEUVER,DRIVACT,DRIVCOND,PEDTYPE,PEDACT,PEDCOND,CYCLISTYPE,CYCACT,CYCCOND,PEDESTRIAN,PEDESTRIAN_Yes,CYCLIST,CYCLIST_Yes,AUTOMOBILE,AUTOMOBILE_Yes,MOTORCYCLE,MOTORCYCLE_Yes,TRUCK,TRUCK_Yes,TRSN_CITY_VEH,TRSN_CITY_VEH_Yes,EMERG_VEH,EMERG_VEH_Yes,PASSENGER,PASSENGER_Yes,SPEEDING,SPEEDING_Yes,AG_DRIV,AG_DRIV_Yes,REDLIGHT,REDLIGHT_Yes,ALCOHOL,ALCOHOL_Yes,DISABILITY,DISABILITY_Yes,Hood_ID,Neighbourhood,ObjectId,Validation,Lin[Fatal],Prob[Fatal],Prob[Non-Fatal Injury],Most Likely ACCLASS 2,Correct
-8822202.11556097,5440181.89077369,4211550,987506,2007,2007-09-01 00:00:00.000,1605,16,"STEELES Aven E","day","MARKHAM Road","","Major Arterial","Scarborough",23,42,43.836545,-79.25119,"Intersection","At Intersection","Traffic Signal","Clear",1,"Daylight","Dry","Non-Fatal Injury","Angle","Driver","40 to 44","","Minimal","","South","Automobile, Station Wagon","Going Ahead","Driving Properly","Normal","","","","","","","",0,"",0,"Yes",1,"",0,"",0,"",0,"",0,"Yes",1,"Yes",1,"Yes",1,"Yes",1,"",0,"",0,131,"Rouge (131)",2975,0,-1.3377192118994596,0.20788538354779795,0.792114616452202,"Non-Fatal Injury",1
-8822202.11556097,5440181.89077369,4211555,987506,2007,2007-09-01 00:00:00.000,1605,16,"STEELES Aven E","day","MARKHAM Road","","Major Arterial","Scarborough",23,42,43.836545,-79.25119,"Intersection","At Intersection","Traffic Signal","Clear",1,"Daylight","Dry","Non-Fatal Injury","Angle","Driver","30 to 34","","None","","North","Automobile, Station Wagon","Going Ahead","Driving Properly","Normal","","","","","","","",0,"",0,"Yes",1,"",0,"",0,"",0,"",0,"Yes",1,"Yes",1,"Yes",1,"Yes",1,"",0,"",0,131,"Rouge (131)",2980,0,-1.5425766049311171,0.17616102437026623,0.82383897562973385,"Non-Fatal Injury",1
-8822090.79607018,5429708.99035688,5398747,1055623,2008,2008-08-31 00:00:00.000,1614,16,"MCCOWAN RD","day","HURONIA GT","","Major Arterial","Scarborough",,43,43.768645,-79.25019,"Intersection","At Intersection","No Control","Clear",1,"Daylight","Dry","Non-Fatal Injury","Rear End","Driver","30 to 34","","None","","North","Automobile, Station Wagon","Going Ahead","Driving Properly","Normal","","","","","","","",0,"",0,"Yes",1,"",0,"",0,"",0,"",0,"Yes",1,"",0,"",0,"",0,"",0,"",0,137,"Woburn (137)",3008,0,-3.8307677400746387,0.021232362017297068,0.97876763798270283,"Non-Fatal Injury",1
-8822090.79607018,5429708.99035688,5398748,1055623,2008,2008-08-31 00:00:00.000,1614,16,"MCCOWAN RD","day","HURONIA GT","","Major Arterial","Scarborough",,43,43.768645,-79.25019,"Intersection","At Intersection","No Control","Clear",1,"Daylight","Dry","Non-Fatal Injury","Rear End","Driver","40 to 44","","Minor","","South","Automobile, Station Wagon","Going Ahead","Driving Properly","Normal","","","","","","","",0,"",0,"Yes",1,"",0,"",0,"",0,"",0,"Yes",1,"",0,"",0,"",0,"",0,"",0,137,"Woburn (137)",3009,0,-3.6259103470429812,0.025934350302118703,0.97406564969788123,"Non-Fatal Injury",1
-8848885.39750412,5428922.84629793,5410785,1060729,2008,2008-09-08 00:00:00.000,1613,16,"FINCH AVE W","day","KEELE ST","","Major Arterial","Etobicoke York",,31,43.763545,-79.49089,"Intersection","At Intersection","Traffic Signal","Clear",1,"Daylight","Dry","Non-Fatal Injury","Pedestrian Collisions","Driver","20 to 24","","None","","West","Automobile, Station Wagon","Going Ahead","Driving Properly","Normal","","","","","","","Yes",1,"",0,"Yes",1,"",0,"",0,"",0,"",0,"",0,"",0,"",0,"",0,"",0,"",0,27,"York University Heights (27)",3047,0,-2.2332596147571815,0.0968032702542036,0.90319672974579646,"Non-Fatal Injury",1
-8836306.29504448,5413306.34190058,5426827,1067813,2008,2008-09-11 00:00:00.000,1529,15,"CARLTON ST","day","MUTUAL ST","","Major Arterial","Toronto and East York",13,51,43.662145,-79.37789,"Intersection","","No Control","Clear",1,"Daylight","Dry","Non-Fatal Injury","Pedestrian Collisions","Driver","30 to 34","","None","","West","Automobile, Station Wagon","Going Ahead","Driving Properly","Normal","","","","","","","Yes",1,"",0,"Yes",1,"",0,"",0,"",0,"",0,"",0,"",0,"",0,"",0,"",0,"",0,75,"Church-Yonge Corridor (75)",3056,1,-2.2063232996438344,0.099184090116168425,0.90081590988383164,"Non-Fatal Injury",1
-8843898.28431658,5416907.80648495,5357527,1037389,2008,2008-05-10 00:00:00.000,1216,12,"DUFFERIN ST","day","ROGERS RD","","Major Arterial","Toronto and East York",,13,43.685545,-79.44609,"Intersection","At Intersection","Traffic Signal","Clear",1,"Daylight","Dry","Non-Fatal Injury","Pedestrian Collisions","Driver","60 to 64","","None","","North","Automobile, Station Wagon","Going Ahead","Driving Properly","Normal","","","","","","","Yes",1,"",0,"Yes",1,"",0,"",0,"",0,"",0,"",0,"",0,"",0,"",0,"",0,"",0,107,"Oakwood Village (107)",3146,0,-2.0489834283235933,0.1141551404991385,0.88584485950086156,"Non-Fatal Injury",1
-8857857.74846206,5422466.66874867,5367606,1041835,2008,2008-05-23 00:00:00.000,1244,12,"KIPLING AVE","day","SNARESBROOK DR","","Major Arterial","Etobicoke York",1,23,43.721645,-79.57149,"Intersection","At Intersection","Traffic Signal","Clear",1,"Daylight","Dry","Non-Fatal Injury","Pedestrian Collisions","Driver","35 to 39","","None","","North","Automobile, Station Wagon","Going Ahead","Driving Properly","Normal","","","","","","","Yes",1,"",0,"Yes",1,"",0,"",0,"",0,"",0,"",0,"",0,"",0,"",0,"",0,"",0,4,"Rexdale-Kipling (4)",3194,1,-2.1782486814859077,0.10172084078770402,0.898279159212296,"Non-Fatal Injury",1
-8833668.02311268,5433039.28504989,5332868,1026057,2008,2008-02-23 00:00:00.000,940,9,"DON MILLS RD","day","SENECA HILL DR","","Major Arterial","North York",17,33,43.790245,-79.35419,"Intersection","At Intersection","Traffic Signal","Clear",1,"Daylight","Dry","Non-Fatal Injury","Angle","Driver","45 to 49","","Major","","East","Automobile, Station Wagon","Going Ahead","Driving Properly","Normal","","","","","","","",0,"",0,"Yes",1,"",0,"",0,"",0,"",0,"Yes",1,"",0,"Yes",1,"Yes",1,"",0,"",0,47,"Don Valley Village (47)",3275,1,-2.6474419486703455,0.066146848754489326,0.9338531512455106,"Non-Fatal Injury",1
-8857779.82481851,5417831.48521414,5332812,1026032,2008,2008-02-24 00:00:00.000,1245,12,"DIXON RD","day","MARTIN GROVE RD","","Major Arterial","Etobicoke York",,23,43.691545,-79.57079,"Intersection","At Intersection","Traffic Signal","Clear",1,"Daylight","Dry","Non-Fatal Injury","Angle","Driver","65 to 69","","Major","","North","Automobile, Station Wagon","Going Ahead","Driving Properly","Normal","","","","","","","",0,"",0,"Yes",1,"",0,"",0,"",0,"",0,"Yes",1,"",0,"Yes",1,"Yes",1,"",0,"",0,1,"West Humber-Clairville (1)",3297,1,-2.2769694037768629,0.093048391079610007,0.90695160892039006,"Non-Fatal Injury",1
-8856844.74109584,5407952.91274789,5405294,1058363,2008,2008-08-22 00:00:00.000,1355,13,"DUNDAS Stre W","day","WEST MALL Cres","","Major Arterial","Etobicoke York",,22,43.627345,-79.56239,"Intersection","At Intersection","Traffic Signal","Clear",1,"Daylight","Dry","Non-Fatal Injury","Turning Movement","Driver","25 to 29","","Major","","East","Automobile, Station Wagon","Going Ahead","Driving Properly","Normal","","","","","","","",0,"",0,"Yes",1,"",0,"",0,"",0,"",0,"",0,"",0,"Yes",1,"",0,"",0,"",0,12,"Markland Wood (12)",3382,1,-3.4435179173980464,0.030962757992483048,0.96903724200751706,"Non-Fatal Injury",1
-8837541.94139229,5412413.88830144,5406248,1058736,2008,2008-08-30 00:00:00.000,308,3,"UNIVERSITY AVE","day","ELM ST","","Major Arterial","Toronto and East York",11,52,43.656345,-79.38899,"Intersection","","Traffic Signal","Clear",1,"Daylight","Dry","Non-Fatal Injury","Turning Movement","Driver","40 to 44","","None","","South","Automobile, Station Wagon","Going Ahead","Driving Properly","Normal","","","","","","","",0,"",0,"Yes",1,"",0,"",0,"",0,"",0,"Yes",1,"",0,"",0,"",0,"",0,"",0,76,"Bay Street Corridor (76)",3413,0,-2.6448294129644472,0.066308411888281779,0.93369158811171815,"Non-Fatal Injury",1
-8837541.94139229,5412413.88830144,5406250,1058736,2008,2008-08-30 00:00:00.000,308,3,"UNIVERSITY AVE","day","ELM ST","","Major Arterial","Toronto and East York",11,52,43.656345,-79.38899,"Intersection","","Traffic Signal","Clear",1,"Daylight","Dry","Non-Fatal Injury","Turning Movement","Driver","40 to 44","","None","","South","Automobile, Station Wagon","Going Ahead","Driving Properly","Normal","","","","","","","",0,"",0,"Yes",1,"",0,"",0,"",0,"",0,"Yes",1,"",0,"",0,"",0,"",0,"",0,76,"Bay Street Corridor (76)",3415,0,-2.6448294129644472,0.066308411888281779,0.93369158811171815,"Non-Fatal Injury",1
-8820075.91328682,5425332.09918416,5372744,1044158,2008,2008-06-01 00:00:00.000,1031,10,"EGLINTON AVE E","day","BELLAMY RD N","","Major Arterial","Scarborough",,43,43.740245,-79.23209,"Intersection","At Intersection","Traffic Signal","Clear",1,"Daylight","Dry","Non-Fatal Injury","Pedestrian Collisions","Driver","25 to 29","","Minimal","","South","Automobile, Station Wagon","Going Ahead","Driving Properly","Normal","","","","","","","Yes",1,"",0,"Yes",1,"",0,"",0,"",0,"",0,"Yes",1,"Yes",1,"Yes",1,"Yes",1,"",0,"",0,138,"Eglinton East (138)",3432,1,-0.70449071564297849,0.3308173314642236,0.66918266853577635,"Non-Fatal Injury",1
-8848150.68886489,5408414.2931407,5396763,1054754,2008,2008-07-31 00:00:00.000,1610,16,"THE QUEENSWAY","day","STEPHEN Driv","","Major Arterial","Etobicoke York",3,22,43.630345,-79.48429,"Intersection","At Intersection","Traffic Signal","Clear",1,"Daylight","Dry","Non-Fatal Injury","Cyclist Collisions","Driver","25 to 29","","None","","West","Automobile, Station Wagon","Going Ahead","Driving Properly","Normal","","","","","","","",0,"Yes",1,"Yes",1,"",0,"",0,"",0,"",0,"",0,"",0,"",0,"",0,"",0,"",0,16,"Stonegate-Queensway (16)",3485,1,-3.1886954698215062,0.039593355469393854,0.9604066445306062,"Non-Fatal Injury",1
-8837887.03181375,5432237.4374731,5373827,1044659,2008,2008-06-02 00:00:00.000,1455,14,"FINCH AVE E","day","BAYVIEW AVE","","Major Arterial","North York",,33,43.785045,-79.39209,"Intersection","At Intersection","Traffic Signal","Clear",1,"Daylight","Dry","Non-Fatal Injury","Sideswipe","Driver","45 to 49","","Minor","","North","Automobile, Station Wagon","Going Ahead","Driving Properly","Normal","","","","","","","",0,"",0,"Yes",1,"",0,"",0,"",0,"",0,"Yes",1,"",0,"",0,"",0,"",0,"",0,49,"Bayview Woods-Steeles (49)",3535,1,-4.0516644550088907,0.017096041709060067,0.98290395829094,"Non-Fatal Injury",1
-8837887.03181375,5432237.4374731,5373828,1044659,2008,2008-06-02 00:00:00.000,1455,14,"FINCH AVE E","day","BAYVIEW AVE","","Major Arterial","North York",,33,43.785045,-79.39209,"Intersection","At Intersection","Traffic Signal","Clear",1,"Daylight","Dry","Non-Fatal Injury","Sideswipe","Driver","45 to 49","","None","","South","Automobile, Station Wagon","Going Ahead","Driving Properly","Normal","","","","","","","",0,"",0,"Yes",1,"",0,"",0,"",0,"",0,"Yes",1,"",0,"",0,"",0,"",0,"",0,49,"Bayview Woods-Steeles (49)",3536,0,-4.0516644550088907,0.017096041709060067,0.98290395829094,"Non-Fatal Injury",1
-8855720.41423883,5426826.78972846,5374161,1044781,2008,2008-06-04 00:00:00.000,1355,13,"FINCH AVE W","day","MILVAN DR","","Major Arterial","Etobicoke York",7,31,43.749945,-79.55229,"Intersection","At Intersection","Traffic Signal","Clear",1,"Daylight","Dry","Non-Fatal Injury","Angle","Driver","60 to 64","","Major","","North","Automobile, Station Wagon","Going Ahead","Driving Properly","Normal","","","","","","","",0,"",0,"Yes",1,"",0,"",0,"",0,"",0,"",0,"",0,"Yes",1,"Yes",1,"",0,"",0,21,"Humber Summit (21)",3545,1,-2.7065639418400265,0.062587142150777458,0.93741285784922257,"Non-Fatal Injury",1
-8854106.28162233,5421912.17207296,5375920,1045598,2008,2008-06-05 00:00:00.000,1220,12,"WESTON RD","day","WESTON ALBION RD RAMP RD","","Major Arterial","Etobicoke York",7,31,43.718045,-79.53779,"Intersection","At Intersection","No Control","Clear",1,"Daylight","Dry","Non-Fatal Injury","Sideswipe","Driver","60 to 64","","None","","South","Automobile, Station Wagon","Going Ahead","Driving Properly","Normal","","","","","","","",0,"",0,"Yes",1,"Yes",1,"",0,"",0,"",0,"",0,"",0,"",0,"",0,"",0,"",0,23,"Pelmo Park-Humberlea (23)",3550,0,-4.1107864481785716,0.016130419511247246,0.98386958048875284,"Non-Fatal Injury",1
-8816803.1202575,5435923.42899754,5368110,1042071,2008,2008-06-08 00:00:00.000,800,8,"MORNINGSIDE AVE","day","MCLEVIN AVE","","Major Arterial","Scarborough",25,42,43.808945,-79.20269,"Intersection","At Intersection","Traffic Signal","Clear",1,"Daylight","Dry","Non-Fatal Injury","Rear End","Driver","20 to 24","","Major","","West","Automobile, Station Wagon","Going Ahead","Driving Properly","Normal","","","","","","","",0,"",0,"Yes",1,"",0,"",0,"",0,"",0,"Yes",1,"Yes",1,"Yes",1,"Yes",1,"",0,"",0,131,"Rouge (131)",3560,1,-2.6071403992195643,0.06868028779627304,0.931319712203727,"Non-Fatal Injury",1
-8827356.2079847,5427150.41442372,5368613,1042295,2008,2008-06-09 00:00:00.000,1223,12,"WARDEN AVE","day","MANHATTAN DR","","Major Arterial","Scarborough",21,41,43.752045,-79.29749,"Intersection","At Intersection","Traffic Signal","Clear",1,"Daylight","Dry","Non-Fatal Injury","Angle","Driver","75 to 79","","Major","","East","Automobile, Station Wagon","Going Ahead","Driving Properly","Normal","","","","","","","",0,"",0,"Yes",1,"",0,"",0,"",0,"",0,"Yes",1,"",0,"Yes",1,"Yes",1,"",0,"",0,119,"Wexford/Maryvale (119)",3568,0,-2.0489426335612473,0.11415926588319351,0.88584073411680653,"Non-Fatal Injury",1
-8838109.67079533,5414321.99743175,5378234,1046603,2008,2008-06-12 00:00:00.000,945,9,"AVENUE Road","day","BLOOR Stre W","","Major Arterial","Toronto and East York",11,53,43.668745,-79.39409,"Intersection","At Intersection","Traffic Signal","Clear",1,"Daylight","Dry","Non-Fatal Injury","Cyclist Collisions","Driver","35 to 39","","None","","North","Automobile, Station Wagon","Going Ahead","Driving Properly","Normal","","","","","","","",0,"Yes",1,"Yes",1,"",0,"",0,"",0,"",0,"",0,"",0,"",0,"",0,"",0,"",0,95,"Annex (95)",3587,1,-3.1757022662169865,0.040090397806041192,0.95990960219395882,"Non-Fatal Injury",1
-8854930.0458542,5404001.36391425,5370274,1043009,2008,2008-06-13 00:00:00.000,1235,12,"BROWNS LINE Line","day","HORNER AVE","","Major Arterial","Etobicoke York",3,22,43.601645,-79.54519,"Intersection","At Intersection","Traffic Signal","Clear",1,"Daylight","Dry","Non-Fatal Injury","Angle","Driver","50 to 54","","Minor","","West","Automobile, Station Wagon","Going Ahead","Driving Properly","Normal","","","","","","","",0,"",0,"Yes",1,"",0,"",0,"",0,"",0,"Yes",1,"",0,"Yes",1,"Yes",1,"",0,"",0,20,"Alderwood (20)",3591,1,-2.4200750798101724,0.081654625263961833,0.91834537473603817,"Non-Fatal Injury",1
-8854930.0458542,5404001.36391425,5370278,1043009,2008,2008-06-13 00:00:00.000,1235,12,"BROWNS LINE Line","day","HORNER AVE","","Major Arterial","Etobicoke York",3,22,43.601645,-79.54519,"Intersection","At Intersection","Traffic Signal","Clear",1,"Daylight","Dry","Non-Fatal Injury","Angle","Driver","40 to 44","","Major","","East","Automobile, Station Wagon","Going Ahead","Driving Properly","Normal","","","","","","","",0,"",0,"Yes",1,"",0,"",0,"",0,"",0,"Yes",1,"",0,"Yes",1,"Yes",1,"",0,"",0,20,"Alderwood (20)",3595,1,-2.4228589066495827,0.081446116993929174,0.91855388300607077,"Non-Fatal Injury",1
-8822357.96284808,5423344.68996519,5340531,1029708,2008,2008-03-11 00:00:00.000,1450,14,"DANFORTH RD","day","WOLFE AVE","","Major Arterial","Scarborough",20,41,43.727345,-79.25259,"Intersection","At Intersection","Traffic Signal","Clear",1,"Daylight","Dry","Non-Fatal Injury","Turning Movement","Driver","30 to 34","","Major","","East","Automobile, Station Wagon","Going Ahead","Driving Properly","Normal","","","","","","","",0,"",0,"Yes",1,"",0,"",0,"",0,"",0,"",0,"",0,"Yes",1,"Yes",1,"",0,"",0,124,"Kennedy Park (124)",3647,0,-2.9731473854401598,0.048653833983237325,0.95134616601676258,"Non-Fatal Injury",1
-8815912.56433115,5428691.64021183,5428682,1068648,2008,2008-10-17 00:00:00.000,1219,12,"KINGSTON RD","day","GALLOWAY RD","","Major Arterial","Scarborough",24,43,43.762045,-79.19469,"Intersection","At Intersection","Traffic Signal","Clear",1,"Daylight","Dry","Non-Fatal Injury","Angle","Driver","20 to 24","","Major","","East","Automobile, Station Wagon","Going Ahead","Driving Properly","Normal","","","","","","","",0,"",0,"Yes",1,"",0,"",0,"",0,"",0,"Yes",1,"",0,"Yes",1,"Yes",1,"",0,"",0,136,"West Hill (136)",3705,0,-2.6546526147945881,0.065702826491776611,0.93429717350822328,"Non-Fatal Injury",1
-8854050.62187693,5421758.15113104,5382045,1048237,2008,2008-06-22 00:00:00.000,1805,18,"WESTON Road","night","WALSH Aven","","Major Arterial","Etobicoke York",7,31,43.717045,-79.53729,"Intersection","At Intersection","Traffic Signal","Clear",1,"Daylight","Dry","Non-Fatal Injury","Cyclist Collisions","Driver","45 to 49","","None","","North","Automobile, Station Wagon","Going Ahead","Driving Properly","Normal","","","","","","","",0,"Yes",1,"Yes",1,"",0,"",0,"",0,"",0,"",0,"",0,"",0,"",0,"",0,"",0,23,"Pelmo Park-Humberlea (23)",3769,1,-3.2235025333640186,0.03829079728407294,0.96170920271592708,"Non-Fatal Injury",1
-8822291.17115361,5426133.3464721,5385699,1049787,2008,2008-07-04 00:00:00.000,1302,13,"BRIMLEY RD","day","DEERFIELD RD","","Major Arterial","Scarborough",21,43,43.745445,-79.25199,"Intersection","","Traffic Signal","Clear",1,"Daylight","Dry","Non-Fatal Injury","Turning Movement","Driver","25 to 29","","Major","","North","Automobile, Station Wagon","Going Ahead","Driving Properly","Normal","","","","","","","",0,"",0,"Yes",1,"",0,"",0,"",0,"",0,"",0,"",0,"",0,"",0,"",0,"",0,127,"Bendale (127)",3815,1,-3.0707929049217233,0.04432822543367991,0.95567177456632,"Non-Fatal Injury",1
-8822291.17115361,5426133.3464721,5385700,1049787,2008,2008-07-04 00:00:00.000,1302,13,"BRIMLEY RD","day","DEERFIELD RD","","Major Arterial","Scarborough",21,43,43.745445,-79.25199,"Intersection","","Traffic Signal","Clear",1,"Daylight","Dry","Non-Fatal Injury","Turning Movement","Driver","25 to 29","","Major","","South","Automobile, Station Wagon","Going Ahead","Driving Properly","Normal","","","","","","","",0,"",0,"Yes",1,"",0,"",0,"",0,"",0,"",0,"",0,"",0,"",0,"",0,"",0,127,"Bendale (127)",3816,0,-3.0707929049217233,0.04432822543367991,0.95567177456632,"Non-Fatal Injury",1
-8825842.26290992,5430402.70254732,5351646,1034751,2008,2008-04-13 00:00:00.000,1430,14,"KENNEDY RD","day","401 C E KENNEDY N RAMP RD E","","Major Arterial","Scarborough",21,41,43.773145,-79.28389,"Intersection","","Traffic Signal","Clear",1,"Daylight","Dry","Non-Fatal Injury","Angle","Driver","60 to 64","","Major","","East","Automobile, Station Wagon","Going Ahead","Driving Properly","Normal","","","","","","","",0,"",0,"Yes",1,"",0,"",0,"",0,"",0,"Yes",1,"",0,"Yes",1,"Yes",1,"",0,"",0,126,"Dorset Park (126)",3946,0,-2.4703764283610008,0.077961171944674515,0.92203882805532555,"Non-Fatal Injury",1
-8853371.57298309,5413352.50563866,5356642,1036983,2008,2008-04-21 00:00:00.000,845,8,"ISLINGTON AVE","day","RATHBURN Rd","","Major Arterial","Etobicoke York",2,22,43.662445,-79.53119,"Intersection","","Traffic Signal","Clear",1,"Daylight","Dry","Non-Fatal Injury","Turning Movement","Driver","40 to 44","","None","","South","Automobile, Station Wagon","Going Ahead","Driving Properly","Normal","","","","","","","",0,"",0,"Yes",1,"",0,"",0,"",0,"",0,"",0,"",0,"",0,"",0,"",0,"",0,9,"Edenbridge-Humber Valley (9)",3973,1,-2.8810169264434728,0.053099981712929019,0.94690001828707093,"Non-Fatal Injury",1
-8853371.57298309,5413352.50563866,5356643,1036983,2008,2008-04-21 00:00:00.000,845,8,"ISLINGTON AVE","day","RATHBURN Rd","","Major Arterial","Etobicoke York",2,22,43.662445,-79.53119,"Intersection","","Traffic Signal","Clear",1,"Daylight","Dry","Non-Fatal Injury","Turning Movement","Driver","75 to 79","","Major","","South","Automobile, Station Wagon","Going Ahead","Driving Properly","Normal","","","","","","","",0,"",0,"Yes",1,"",0,"",0,"",0,"",0,"",0,"",0,"",0,"",0,"",0,"",0,9,"Edenbridge-Humber Valley (9)",3974,0,-2.5071006533551374,0.075361894571311747,0.92463810542868841,"Non-Fatal Injury",1
-8833189.34930227,5417954.64935965,5358491,1037827,2008,2008-04-24 00:00:00.000,1217,12,"PAPE AVE","day","WOODVILLE AVE","","Major Arterial","Toronto and East York",14,54,43.692345,-79.34989,"Intersection","","Stop Sign","Clear",1,"Daylight","Dry","Non-Fatal Injury","Angle","Driver","70 to 74","","None","","East","Automobile, Station Wagon","Going Ahead","Driving Properly","Normal","","","","","","","",0,"",0,"Yes",1,"Yes",1,"",0,"",0,"",0,"",0,"",0,"",0,"",0,"",0,"",0,58,"Old East York (58)",3982,1,-2.3057693934105137,0.090646268178349559,0.90935373182165036,"Non-Fatal Injury",1
-8855564.56695172,5415614.81146184,5358716,1037905,2008,2008-04-26 00:00:00.000,712,7,"KIPLING Aven","day","EGLINTON Aven W","","Major Arterial","Etobicoke York",2,23,43.677145,-79.55089,"Intersection","At Intersection","Traffic Signal","Clear",1,"Daylight","Dry","Non-Fatal Injury","Angle","Driver","30 to 34","","Major","","East","Automobile, Station Wagon","Going Ahead","Driving Properly","Normal","","","","","","","",0,"",0,"Yes",1,"",0,"",0,"",0,"",0,"Yes",1,"",0,"Yes",1,"Yes",1,"",0,"",0,10,"Princess-Rosethorn (10)",3989,0,-2.62771629968124,0.0673758081886448,0.93262419181135514,"Non-Fatal Injury",1
-8833456.51608017,5433486.4995777,5353051,1035403,2008,2008-04-28 00:00:00.000,1438,14,"FINCH AVE E","day","SKYMARK DR","","Major Arterial","North York",17,33,43.793145,-79.35229,"Intersection","At Intersection","Traffic Signal","Clear",1,"Daylight","Dry","Non-Fatal Injury","Turning Movement","Driver","60 to 64","","None","","West","Automobile, Station Wagon","Going Ahead","Driving Properly","Normal","","","","","","","",0,"",0,"Yes",1,"",0,"",0,"",0,"",0,"Yes",1,"",0,"",0,"",0,"",0,"",0,47,"Don Valley Village (47)",3992,1,-2.6923469346758653,0.063426459169471552,0.93657354083052857,"Non-Fatal Injury",1
-8814966.34865941,5429678.15991536,5271776,1118884,2009,2009-08-15 00:00:00.000,1400,14,"LAWRENCE Aven E","day","MORNINGSIDE Aven","","Major Arterial","Scarborough",,43,43.768445,-79.18619,"Intersection","At Intersection","Traffic Signal","Clear",1,"Daylight","Dry","Non-Fatal Injury","Angle","Driver","55 to 59","","Major","","West","Automobile, Station Wagon","Going Ahead","Driving Properly","Normal","","","","","","","",0,"",0,"Yes",1,"",0,"",0,"",0,"",0,"",0,"",0,"Yes",1,"Yes",1,"",0,"",0,136,"West Hill (136)",4149,0,-2.4707133245123911,0.077936958204959342,0.92206304179504062,"Non-Fatal Injury",1
-8840013.2340879,5428737.88096529,5215961,1094001,2009,2009-02-13 00:00:00.000,1725,17,"YONGE ST","day","HARLANDALE AVE W","","Major Arterial","North York",18,32,43.762345,-79.41119,"Intersection","","No Control","Clear",1,"Daylight","Dry","Non-Fatal Injury","Pedestrian Collisions","Driver","30 to 34","","None","","North","Automobile, Station Wagon","Going Ahead","Driving Properly","Normal","","","","","","","Yes",1,"",0,"Yes",1,"",0,"",0,"",0,"",0,"",0,"",0,"",0,"",0,"",0,"",0,51,"Willowdale East (51)",4158,0,-2.1536262724604924,0.10399284754152034,0.89600715245847973,"Non-Fatal Injury",1
-8813252.02850119,5435830.87560061,5292408,1127732,2009,2009-08-29 00:00:00.000,1800,18,"SHEPPARD AVE E","night","MEADOWVALE Rd","","Major Arterial","Scarborough",25,42,43.808345,-79.17079,"Intersection","At Intersection","Traffic Signal","Clear",1,"Daylight","Dry","Non-Fatal Injury","Turning Movement","Driver","25 to 29","","Minimal","","South","Automobile, Station Wagon","Going Ahead","Driving Properly","Normal","","","","","","","",0,"",0,"Yes",1,"Yes",1,"",0,"",0,"",0,"",0,"",0,"Yes",1,"Yes",1,"",0,"",0,131,"Rouge (131)",4186,0,-2.9053689437034107,0.051888794292313307,0.94811120570768659,"Non-Fatal Injury",1
-8837708.92062848,5412952.42757205,5293332,1128125,2009,2009-09-01 00:00:00.000,1440,14,"UNIVERSITY AVE","day","COLLEGE ST","","Major Arterial","Toronto and East York",11,52,43.659845,-79.39049,"Intersection","At Intersection","Traffic Signal","Clear",1,"Daylight","Dry","Non-Fatal Injury","Cyclist Collisions","Driver","25 to 29","","Minimal","","South","Automobile, Station Wagon","Going Ahead","Driving Properly","Normal","","","","","","","",0,"Yes",1,"Yes",1,"",0,"",0,"",0,"",0,"",0,"",0,"",0,"",0,"",0,"",0,76,"Bay Street Corridor (76)",4197,0,-3.1359984426381642,0.04164653726645931,0.95835346273354072,"Non-Fatal Injury",1