X,Y,Index_,ACCNUM,YEAR,DATE,TIME,HOUR,STREET1,Night,STREET2,OFFSET,ROAD_CLASS,District,WardNum,Division,LATITUDE,LONGITUDE,LOCCOORD,ACCLOC,TRAFFCTL,VISIBILITY,VISIBILITY_Clear,LIGHT,RDSFCOND,ACCLASS,IMPACTYPE,INVTYPE,INVAGE,Age Class,INJURY,FATAL_NO,INITDIR,VEHTYPE,MANOEUVER,DRIVACT,DRIVCOND,PEDTYPE,PEDACT,PEDCOND,CYCLISTYPE,CYCACT,CYCCOND,PEDESTRIAN,PEDESTRIAN_Yes,CYCLIST,CYCLIST_Yes,AUTOMOBILE,AUTOMOBILE_Yes,MOTORCYCLE,MOTORCYCLE_Yes,TRUCK,TRUCK_Yes,TRSN_CITY_VEH,TRSN_CITY_VEH_Yes,EMERG_VEH,EMERG_VEH_Yes,PASSENGER,PASSENGER_Yes,SPEEDING,SPEEDING_Yes,AG_DRIV,AG_DRIV_Yes,REDLIGHT,REDLIGHT_Yes,ALCOHOL,ALCOHOL_Yes,DISABILITY,DISABILITY_Yes,Hood_ID,Neighbourhood,ObjectId,Validation,Lin[Fatal],Prob[Fatal],Prob[Non-Fatal Injury],Most Likely ACCLASS 2,Correct
-8818239.14168874,5425902.21030428,6104307,1151614,2010,2010-01-12 00:00:00.000,1153,11,"EGLINTON Aven E","day","CEDAR Driv","","Major Arterial","Scarborough",24,43,43.743945,-79.21559,"Intersection","At Intersection","Traffic Signal","Clear",1,"Daylight","Dry","Non-Fatal Injury","Pedestrian Collisions","Driver","50 to 54","","Minor","","West","Automobile, Station Wagon","Going Ahead","Driving Properly","Normal","","","","","","","Yes",1,"",0,"Yes",1,"",0,"",0,"",0,"",0,"Yes",1,"",0,"Yes",1,"",0,"",0,"",0,139,"Scarborough Village (139)",5760,1,-2.0298255244033925,0.11610682660776356,0.8838931733922365,"Non-Fatal Injury",1
-8816402.37009064,5434581.49572588,6171523,1181330,2010,2010-06-10 00:00:00.000,1548,15,"MILNER AVE","day","MORNINGSIDE AVE","","Major Arterial","Scarborough",25,42,43.800245,-79.19909,"Intersection","At Intersection","Traffic Signal","Clear",1,"Daylight","Dry","Non-Fatal Injury","Pedestrian Collisions","Driver","30 to 34","","None","","East","Automobile, Station Wagon","Going Ahead","Driving Properly","Normal","","","","","","","Yes",1,"",0,"Yes",1,"",0,"",0,"",0,"",0,"",0,"",0,"",0,"",0,"",0,"",0,131,"Rouge (131)",5794,0,-2.1009292452771646,0.10900653627724737,0.89099346372275268,"Non-Fatal Injury",1
-8818261.40558689,5428660.81317168,6171182,1181194,2010,2010-06-14 00:00:00.000,1156,11,"SCARBOROUGH GOLF CLUB RD","day","LAWRENCE AVE E","","Major Arterial","Scarborough",24,43,43.761845,-79.21579,"Intersection","At Intersection","Traffic Signal","Clear",1,"Daylight","Dry","Non-Fatal Injury","Angle","Driver","40 to 44","","Minimal","","East","Automobile, Station Wagon","Going Ahead","Driving Properly","Normal","","","","","","","",0,"",0,"Yes",1,"",0,"",0,"",0,"",0,"",0,"",0,"Yes",1,"Yes",1,"",0,"",0,137,"Woburn (137)",5808,1,-2.5536523657619385,0.072181499036984467,0.92781850096301555,"Non-Fatal Injury",1
-8856989.45643387,5409183.31164195,5302534,1132426,2009,2009-09-20 00:00:00.000,1220,12,"BLOOR ST W","day","RENFORTH DR","","Major Arterial","Etobicoke York",2,22,43.635345,-79.56369,"Intersection","At Intersection","Stop Sign","Clear",1,"Daylight","Dry","Non-Fatal Injury","Turning Movement","Driver","40 to 44","","Major","","East","Automobile, Station Wagon","Going Ahead","Driving Properly","Normal","","","","","","","",0,"",0,"Yes",1,"",0,"",0,"",0,"",0,"Yes",1,"",0,"Yes",1,"",0,"",0,"",0,13,"Etobicoke West Mall (13)",5934,0,-2.9648573982574282,0.049038988531743773,0.95096101146825629,"Non-Fatal Injury",1
-8830918.43169009,5418786.05031862,5302094,1132092,2009,2009-09-25 00:00:00.000,1700,17,"O CONNOR DR","day","COXWELL AVE","","Major Arterial","Toronto and East York",,54,43.697745,-79.32949,"Intersection","","Traffic Signal","Clear",1,"Daylight","Dry","Non-Fatal Injury","Turning Movement","Driver","30 to 34","","Minor","","West","Automobile, Station Wagon","Going Ahead","Driving Properly","Normal","","","","","","","",0,"",0,"Yes",1,"",0,"",0,"",0,"",0,"Yes",1,"",0,"Yes",1,"",0,"",0,"",0,58,"Old East York (58)",5957,0,-3.1697147912890857,0.040321450306935208,0.95967854969306488,"Non-Fatal Injury",1
-8828877.94542385,5435874.37558137,5303534,1133411,2009,2009-10-03 00:00:00.000,1710,17,"MCNICOLL AVE","day","BIRCHMOUNT RD","","Major Arterial","Scarborough",22,42,43.808627,-79.31116,"Intersection","At Intersection","Traffic Signal","Clear",1,"Daylight","Dry","Non-Fatal Injury","Turning Movement","Driver","35 to 39","","Minimal","","East","Automobile, Station Wagon","Going Ahead","Driving Properly","Normal","","","","","","","",0,"",0,"Yes",1,"",0,"",0,"",0,"",0,"",0,"",0,"",0,"",0,"",0,"",0,116,"Steeles (116)",5995,0,-3.0051026741338616,0.047195883028587432,0.95280411697141265,"Non-Fatal Injury",1
-8834358.2039556,5427581.93168235,6189353,1188699,2010,2010-08-06 00:00:00.000,1230,12,"LESLIE ST","day","FARMSTEAD Rd","","Major Arterial","North York",,33,43.754845,-79.36039,"Intersection","","No Control","Clear",1,"Daylight","Dry","Non-Fatal Injury","Pedestrian Collisions","Driver","45 to 49","","None","","North","Automobile, Station Wagon","Going Ahead","Driving Properly","Normal","","","","","","","Yes",1,"",0,"Yes",1,"",0,"",0,"",0,"",0,"",0,"",0,"",0,"",0,"",0,"",0,40,"St.Andrew-Windfields (40)",6087,0,-2.1206548942662691,0.10710542430803688,0.89289457569196318,"Non-Fatal Injury",1
-8823048.143691,5424684.98871418,6617164,1229005,2011,2011-04-20 00:00:00.000,1730,17,"MIDLAND AVE","day","GILDER Dr","","Major Arterial","Scarborough",21,41,43.736045,-79.25879,"Intersection","","Traffic Signal","Clear",1,"Daylight","Dry","Non-Fatal Injury","Pedestrian Collisions","Driver","35 to 39","","None","","North","Automobile, Station Wagon","Going Ahead","Driving Properly","Normal","","","","","","","Yes",1,"",0,"Yes",1,"",0,"",0,"",0,"",0,"",0,"",0,"",0,"",0,"",0,"",0,138,"Eglinton East (138)",6124,1,-2.02015759993591,0.11710269568958831,0.88289730431041169,"Non-Fatal Injury",1
-8856544.1784707,5421188.2959944,6642666,1239980,2011,2011-04-25 00:00:00.000,1515,15,"REXDALE BLVD","day","BERGAMOT AVE","","Major Arterial","Etobicoke York",1,23,43.713345,-79.55969,"Intersection","","Traffic Signal","Clear",1,"Daylight","Dry","Non-Fatal Injury","Turning Movement","Driver","20 to 24","","Major","","East","Automobile, Station Wagon","Going Ahead","Driving Properly","Normal","","","","","","","",0,"",0,"Yes",1,"",0,"",0,"",0,"",0,"Yes",1,"",0,"Yes",1,"",0,"",0,"",0,4,"Rexdale-Kipling (4)",6141,0,-3.0912570520357781,0.043469337035154723,0.95653066296484524,"Non-Fatal Injury",1
-8839456.63663393,5425578.62939878,6624109,1232010,2011,2011-05-06 00:00:00.000,1400,14,"YONGE ST","day","MCGLASHAN RD","","Major Arterial","North York",,32,43.741845,-79.40619,"Intersection","","No Control","Clear",1,"Daylight","Dry","Non-Fatal Injury","Sideswipe","Driver","60 to 64","","Minor","","North","Automobile, Station Wagon","Going Ahead","Driving Properly","Normal","","","","","","","",0,"",0,"Yes",1,"",0,"",0,"",0,"",0,"",0,"Yes",1,"Yes",1,"",0,"",0,"",0,41,"Bridle Path-Sunnybrook-York Mills (41)",6157,1,-3.1875836571714453,0.039635654595746993,0.960364345404253,"Non-Fatal Injury",1
-8839456.63663393,5425578.62939878,6624110,1232010,2011,2011-05-06 00:00:00.000,1400,14,"YONGE ST","day","MCGLASHAN RD","","Major Arterial","North York",,32,43.741845,-79.40619,"Intersection","","No Control","Clear",1,"Daylight","Dry","Non-Fatal Injury","Sideswipe","Driver","50 to 54","","None","","North","Automobile, Station Wagon","Going Ahead","Driving Properly","Normal","","","","","","","",0,"",0,"Yes",1,"",0,"",0,"",0,"",0,"",0,"Yes",1,"Yes",1,"",0,"",0,"",0,41,"Bridle Path-Sunnybrook-York Mills (41)",6158,0,-3.137282308620617,0.041595325618139722,0.95840467438186028,"Non-Fatal Injury",1
-8843147.87962915,5418820.69365005,6645192,1240994,2011,2011-05-07 00:00:00.000,1823,18,"EGLINTON AVE W","night","MARLEE AVE","","Major Arterial","North York",,13,43.69797,-79.439349,"Intersection","At Intersection","Traffic Signal","Clear",1,"Daylight","Dry","Non-Fatal Injury","Pedestrian Collisions","Driver","25 to 29","","None","","East","Automobile, Station Wagon","Going Ahead","Driving Properly","Normal","","","","","","","Yes",1,"",0,"Yes",1,"",0,"",0,"",0,"",0,"",0,"",0,"",0,"",0,"",0,"",0,107,"Oakwood Village (107)",6165,0,-2.0331508035404289,0.11576600180118657,0.88423399819881343,"Non-Fatal Injury",1
-8813786.362057,5435676.62200508,6616376,1228657,2011,2011-02-16 00:00:00.000,1200,12,"SHEPPARD Aven E","day","IDAGROVE Gate","","Major Arterial","Scarborough",25,42,43.807345,-79.17559,"Intersection","At Intersection","Traffic Signal","Clear",1,"Daylight","Dry","Non-Fatal Injury","Pedestrian Collisions","Driver","55 to 59","","None","","East","Automobile, Station Wagon","Going Ahead","Driving Properly","Normal","","","","","","","Yes",1,"",0,"Yes",1,"",0,"",0,"",0,"",0,"",0,"",0,"Yes",1,"",0,"",0,"",0,131,"Rouge (131)",6287,0,-2.0804637691056262,0.11101019050574749,0.88898980949425244,"Non-Fatal Injury",1
-8842985.46449208,5413875.71079332,6623286,1231647,2011,2011-02-19 00:00:00.000,357,3,"DUFFERIN ST","day","HALLAM ST","","Major Arterial","Toronto and East York",9,14,43.665845,-79.43789,"Intersection","","No Control","Clear",1,"Daylight","Dry","Non-Fatal Injury","Rear End","Driver","25 to 29","","None","","North","Automobile, Station Wagon","Going Ahead","Driving Properly","Normal","","","","","","","",0,"",0,"Yes",1,"",0,"",0,"",0,"",0,"",0,"",0,"Yes",1,"",0,"Yes",1,"",0,93,"Dovercourt-Wallace Emerson-Junction (93)",6303,0,-4.2665077699265828,0.013836559552536265,0.98616344044746373,"Non-Fatal Injury",1
-8835104.04454392,5411675.3711996,6626590,1233009,2011,2011-03-15 00:00:00.000,852,8,"KING Stre E","day","PRINCESS Stre","","Major Arterial","Toronto and East York",13,51,43.651545,-79.36709,"Intersection","","No Control","Clear",1,"Daylight","Dry","Non-Fatal Injury","Turning Movement","Driver","45 to 49","","None","","East","Automobile, Station Wagon","Going Ahead","Driving Properly","Normal","","","","","","","",0,"",0,"Yes",1,"",0,"",0,"",0,"",0,"Yes",1,"",0,"Yes",1,"",0,"",0,"",0,73,"Moss Park (73)",6359,0,-3.0840463859115355,0.043770143676232311,0.95622985632376778,"Non-Fatal Injury",1
-8836350.8228408,5413937.26628917,6636567,1237364,2011,2011-04-05 00:00:00.000,1020,10,"JARVIS ST","day","WELLESLEY ST E","","Major Arterial","Toronto and East York",13,51,43.666245,-79.37829,"Intersection","At Intersection","Traffic Signal","Clear",1,"Daylight","Dry","Non-Fatal Injury","Cyclist Collisions","Driver","65 to 69","","None","","South","Automobile, Station Wagon","Going Ahead","Driving Properly","Normal","","","","","","","",0,"Yes",1,"Yes",1,"",0,"",0,"",0,"",0,"",0,"",0,"",0,"",0,"",0,"",0,71,"Cabbagetown-South St.James Town (71)",6424,1,-2.69493890692054,0.063272660955710353,0.93672733904428973,"Non-Fatal Injury",1
-8837319.3024107,5419186.38118812,6227282,1204660,2010,2010-09-29 00:00:00.000,654,6,"MOUNT PLEASANT RD","day","DAVISVILLE AVE","","Major Arterial","North York",,53,43.700345,-79.38699,"Intersection","At Intersection","Traffic Signal","Clear",1,"Daylight","Dry","Non-Fatal Injury","Turning Movement","Driver","40 to 44","","Minor","","South","Automobile, Station Wagon","Going Ahead","Driving Properly","Normal","","","","","","","",0,"",0,"Yes",1,"",0,"",0,"",0,"",0,"Yes",1,"",0,"Yes",1,"",0,"",0,"",0,99,"Mount Pleasant East (99)",6590,0,-2.9121603710741004,0.051555695876204531,0.94844430412379543,"Non-Fatal Injury",1
-8835271.0237801,5411767.68260928,6214562,1199427,2010,2010-10-02 00:00:00.000,1810,18,"ADELAIDE ST E","night","SHERBOURNE ST","","Major Arterial","Toronto and East York",13,51,43.652145,-79.36859,"Intersection","At Intersection","Traffic Signal","Clear",1,"Daylight","Dry","Non-Fatal Injury","Angle","Driver","20 to 24","","None","","East","Automobile, Station Wagon","Going Ahead","Driving Properly","Normal","","","","","","","",0,"",0,"Yes",1,"Yes",1,"",0,"",0,"",0,"",0,"",0,"Yes",1,"Yes",1,"",0,"",0,73,"Moss Park (73)",6597,1,-2.785446073906944,0.058115728367598714,0.94188427163240129,"Non-Fatal Injury",1
-8833452.28593952,5433478.01772098,6280064,1193990,2010,2010-10-09 00:00:00.000,1123,11,"FINCH AVE E","day","SKYMARK DR","","Major Arterial","North York",17,33,43.79309,-79.352251999999993,"Intersection","At Intersection","Traffic Signal","Clear",1,"Daylight","Dry","Non-Fatal Injury","Pedestrian Collisions","Driver","75 to 79","","None","","East","Automobile, Station Wagon","Going Ahead","Driving Properly","Normal","","","","","","","Yes",1,"",0,"Yes",1,"",0,"",0,"",0,"",0,"",0,"",0,"",0,"",0,"",0,"",0,47,"Don Valley Village (47)",6636,0,-1.5221555791571708,0.17914431871218631,0.82085568128781361,"Non-Fatal Injury",1
-8834102.16912678,5419417.3492021,6185145,1186908,2010,2010-09-02 00:00:00.000,1040,10,"MILLWOOD RD","day","VILLAGE STATION RD","","Major Arterial","North York",15,53,43.701845,-79.35809,"Intersection","At Intersection","No Control","Clear",1,"Daylight","Dry","Non-Fatal Injury","Angle","Driver","45 to 49","","Minimal","","East","Automobile, Station Wagon","Going Ahead","Driving Properly","Normal","","","","","","","",0,"",0,"Yes",1,"",0,"",0,"",0,"",0,"",0,"",0,"",0,"",0,"",0,"",0,55,"Thorncliffe Park (55)",6679,0,-2.890962341817672,0.052602139328676162,0.94739786067132381,"Non-Fatal Injury",1
-8842228.49195468,5411875.38041952,6199887,1193217,2010,2010-09-02 00:00:00.000,1640,16,"COLLEGE ST","day","GLADSTONE AVE","","Major Arterial","Toronto and East York",9,14,43.652845,-79.43109,"Intersection","At Intersection","No Control","Clear",1,"Daylight","Dry","Non-Fatal Injury","Cyclist Collisions","Driver","40 to 44","","None","","West","Automobile, Station Wagon","Going Ahead","Driving Properly","Normal","","","","","","","",0,"Yes",1,"Yes",1,"",0,"",0,"",0,"",0,"",0,"",0,"",0,"",0,"",0,"",0,83,"Dufferin Grove (83)",6681,1,-2.8935254369765859,0.052474553461564259,0.94752544653843584,"Non-Fatal Injury",1
-8823860.7759738,5417708.32271152,6190418,1189140,2010,2010-09-14 00:00:00.000,1100,11,"KINGSTON RD","day","LAKESIDE AVE","","Major Arterial","Scarborough",20,41,43.690745,-79.26609,"Intersection","At Intersection","Stop Sign","Clear",1,"Daylight","Dry","Non-Fatal Injury","Turning Movement","Driver","70 to 74","","None","","East","Automobile, Station Wagon","Going Ahead","Driving Properly","Normal","","","","","","","",0,"",0,"Yes",1,"Yes",1,"",0,"",0,"",0,"",0,"",0,"Yes",1,"",0,"",0,"",0,122,"Birchcliffe-Cliffside (122)",6721,0,-2.6823439238000608,0.064023274807839592,0.93597672519216035,"Non-Fatal Injury",1
-8829081.660092,5427057.94906636,6255154,1201223,2010,2010-10-18 00:00:00.000,859,8,"VICTORIA PARK AVE","day","ROWENA DR","","Major Arterial","North York",,41,43.751445,-79.31299,"Intersection","At Intersection","Traffic Signal","Clear",1,"Daylight","Dry","Non-Fatal Injury","Pedestrian Collisions","Driver","30 to 34","","None","","North","Automobile, Station Wagon","Going Ahead","Driving Properly","Normal","","","","","","","Yes",1,"",0,"Yes",1,"",0,"",0,"",0,"",0,"",0,"",0,"",0,"",0,"",0,"",0,119,"Wexford/Maryvale (119)",6743,0,-2.1009292452771646,0.10900653627724737,0.89099346372275268,"Non-Fatal Injury",1
-8844132.05524725,5430356.45344405,6221651,1202322,2010,2010-11-17 00:00:00.000,1853,18,"FINCH AVE W","night","VIRGILWOOD DR","","Major Arterial","North York",6,32,43.772845,-79.44819,"Intersection","At Intersection","Traffic Signal","Clear",1,"Daylight","Dry","Non-Fatal Injury","Pedestrian Collisions","Driver","75 to 79","","None","","East","Automobile, Station Wagon","Going Ahead","Driving Properly","Normal","","","","","","","Yes",1,"",0,"Yes",1,"",0,"",0,"",0,"",0,"Yes",1,"",0,"",0,"",0,"",0,"",0,35,"Westminster-Branson (35)",6744,1,-1.2859680656781451,0.21653603936128249,0.78346396063871748,"Non-Fatal Injury",1
-8821545.33056529,5427689.81415176,6280241,1198672,2010,2010-11-01 00:00:00.000,1100,11,"LAWRENCE AVE E","day","MCCOWAN RD","","Major Arterial","Scarborough",,43,43.755545,-79.24529,"Intersection","","No Control","Clear",1,"Daylight","Dry","Non-Fatal Injury","Pedestrian Collisions","Driver","50 to 54","","None","","West","Automobile, Station Wagon","Going Ahead","Driving Properly","Normal","","","","","","","Yes",1,"",0,"Yes",1,"",0,"",0,"",0,"",0,"",0,"",0,"",0,"",0,"",0,"",0,127,"Bendale (127)",6791,0,-1.8932880254060951,0.13087002523293637,0.86912997476706355,"Non-Fatal Injury",1
-8836261.76724816,5410213.89675881,6255979,1204379,2010,2010-11-28 00:00:00.000,1217,12,"HARBOUR ST","day","BAY ST","","Major Arterial","Toronto and East York",10,52,43.642045,-79.37749,"Intersection","At Intersection","Traffic Signal","Clear",1,"Daylight","Dry","Non-Fatal Injury","Pedestrian Collisions","Driver","60 to 64","","None","","East","Automobile, Station Wagon","Going Ahead","Driving Properly","Normal","","","","","","","Yes",1,"",0,"Yes",1,"",0,"",0,"",0,"",0,"",0,"",0,"",0,"",0,"",0,"",0,77,"Waterfront Communities-The Island (77)",6859,1,-1.9435893739569234,0.1252540557647174,0.87474594423528251,"Non-Fatal Injury",1
-8844719.15424169,5409630.29459664,6256087,1204639,2010,2010-11-29 00:00:00.000,1620,16,"LAKE SHORE BLVD W","day","PARKSIDE DR","","Major Arterial","Toronto and East York",4,11,43.638251,-79.453464,"Intersection","At Intersection","Traffic Signal","Clear",1,"Daylight","Dry","Non-Fatal Injury","Cyclist Collisions","Driver","45 to 49","","None","","East","Automobile, Station Wagon","Going Ahead","Driving Properly","Normal","","","","","","","",0,"Yes",1,"Yes",1,"",0,"",0,"",0,"",0,"",0,"",0,"",0,"",0,"",0,"",0,85,"South Parkdale (85)",6863,0,-3.1181084789973488,0.042366447350974806,0.95763355264902517,"Non-Fatal Injury",1
-8849631.23809244,5416138.14478252,6176590,1183452,2010,2010-07-05 00:00:00.000,602,6,"JANE ST","day","BEXLEY CRES","","Major Arterial","Etobicoke York",5,12,43.680545,-79.49759,"Intersection","","No Control","Clear",1,"Daylight","Dry","Non-Fatal Injury","Approaching","Driver","45 to 49","","Minor","","South","Automobile, Station Wagon","Going Ahead","Driving Properly","Normal","","","","","","","",0,"",0,"Yes",1,"",0,"",0,"",0,"",0,"",0,"",0,"",0,"",0,"",0,"",0,111,"Rockcliffe-Smythe (111)",6931,0,-2.4906409929461431,0.076516891175213861,0.92348310882478613,"Non-Fatal Injury",1
-8849631.23809244,5416138.14478252,6176593,1183452,2010,2010-07-05 00:00:00.000,602,6,"JANE ST","day","BEXLEY CRES","","Major Arterial","Etobicoke York",5,12,43.680545,-79.49759,"Intersection","","No Control","Clear",1,"Daylight","Dry","Non-Fatal Injury","Approaching","Driver","20 to 24","","Minor","","South","Automobile, Station Wagon","Going Ahead","Driving Properly","Normal","","","","","","","",0,"",0,"Yes",1,"",0,"",0,"",0,"",0,"",0,"",0,"",0,"",0,"",0,"",0,111,"Rockcliffe-Smythe (111)",6934,0,-2.4978516590703856,0.076008924004940873,0.92399107599505925,"Non-Fatal Injury",1
-8829571.46585149,5418585.89139345,6176857,1183570,2010,2010-07-05 00:00:00.000,1019,10,"COSBURN AVE","day","WOODBINE AVE","","Major Arterial","Toronto and East York",19,54,43.696445,-79.31739,"Intersection","At Intersection","Traffic Signal","Clear",1,"Daylight","Dry","Non-Fatal Injury","Cyclist Collisions","Driver","45 to 49","","None","","West","Automobile, Station Wagon","Going Ahead","Driving Properly","Normal","","","","","","","",0,"Yes",1,"Yes",1,"",0,"",0,"",0,"",0,"",0,"",0,"",0,"",0,"",0,"",0,60,"Woodbine-Lumsden (60)",6935,1,-3.1181084789973488,0.042366447350974806,0.95763355264902517,"Non-Fatal Injury",1
-8842362.07534363,5413060.13919332,6187077,1187759,2010,2010-07-08 00:00:00.000,1429,14,"1048 BLOOR ST W","day","","","Major Arterial","Toronto and East York",9,14,43.660545,-79.43229,"Intersection","","No Control","Clear",1,"Daylight","Dry","Non-Fatal Injury","Pedestrian Collisions","Driver","20 to 24","","None","","East","Automobile, Station Wagon","Going Ahead","Driving Properly","Normal","","","","","","","Yes",1,"",0,"Yes",1,"",0,"",0,"",0,"",0,"",0,"",0,"",0,"",0,"",0,"",0,93,"Dovercourt-Wallace Emerson-Junction (93)",6948,1,-2.1278655603905108,0.1064177915928592,0.89358220840714075,"Non-Fatal Injury",1
-8827022.24951232,5416015.00486262,6177837,1183977,2010,2010-07-09 00:00:00.000,1545,15,"KINGSTON Road","day","GLEN MANOR Driv","","Major Arterial","Toronto and East York",19,55,43.679745,-79.29449,"Intersection","At Intersection","Stop Sign","Clear",1,"Daylight","Dry","Non-Fatal Injury","Turning Movement","Driver","30 to 34","","Minor","","East","Automobile, Station Wagon","Going Ahead","Driving Properly","Normal","","","","","","","",0,"",0,"Yes",1,"",0,"",0,"",0,"",0,"Yes",1,"",0,"",0,"",0,"",0,"",0,62,"East End-Danforth (62)",6957,1,-2.7442927516294349,0.060409784543886055,0.93959021545611388,"Non-Fatal Injury",1
-8810516.9086124,5434375.74990324,6176543,1183429,2010,2010-07-09 00:00:00.000,1920,19,"PORT UNION RD","night","KINGSTON RD","","Major Arterial","Scarborough",25,42,43.798911,-79.14622,"Intersection","At Intersection","Traffic Signal","Clear",1,"Daylight","Dry","Non-Fatal Injury","Turning Movement","Driver","40 to 44","","Major","","South","Automobile, Station Wagon","Going Ahead","Driving Properly","Normal","","","","","","","",0,"",0,"Yes",1,"",0,"",0,"",0,"",0,"Yes",1,"",0,"Yes",1,"",0,"",0,"",0,131,"Rouge (131)",6961,0,-2.9121603710741004,0.051555695876204531,0.94844430412379543,"Non-Fatal Injury",1
-8837230.24681807,5420541.47604098,6709231,1268545,2011,2011-11-26 00:00:00.000,1235,12,"EGLINTON AVE E","day","FORMAN AVE","","Major Arterial","North York",15,53,43.709145,-79.38619,"Intersection","At Intersection","Traffic Signal","Clear",1,"Daylight","Dry","Non-Fatal Injury","Pedestrian Collisions","Driver","45 to 49","","None","","West","Automobile, Station Wagon","Going Ahead","Driving Properly","Normal","","","","","","","Yes",1,"",0,"Yes",1,"",0,"",0,"",0,"",0,"Yes",1,"",0,"",0,"",0,"",0,"",0,99,"Mount Pleasant East (99)",7024,1,-1.8317703536039156,0.13802750872472377,0.8619724912752762,"Non-Fatal Injury",1
-8830196.97007026,5430724.602733,6629697,1234453,2011,2011-05-23 00:00:00.000,1115,11,"VICTORIA PARK AVE","day","SHEPPARD AVE E","","Major Arterial","North York",,42,43.775233,-79.323009,"Intersection","At Intersection","Traffic Signal","Clear",1,"Daylight","Dry","Non-Fatal Injury","Angle","Driver","35 to 39","","None","","North","Automobile, Station Wagon","Going Ahead","Driving Properly","Normal","","","","","","","",0,"",0,"Yes",1,"",0,"",0,"",0,"",0,"",0,"",0,"Yes",1,"Yes",1,"",0,"",0,118,"Tam O'Shanter-Sullivan (118)",7032,0,-2.6777381134523415,0.064299829586574583,0.93570017041342546,"Non-Fatal Injury",1
-8830196.97007026,5430724.602733,6629698,1234453,2011,2011-05-23 00:00:00.000,1115,11,"VICTORIA PARK AVE","day","SHEPPARD AVE E","","Major Arterial","North York",,42,43.775233,-79.323009,"Intersection","At Intersection","Traffic Signal","Clear",1,"Daylight","Dry","Non-Fatal Injury","Angle","Driver","25 to 29","","None","","North","Automobile, Station Wagon","Going Ahead","Driving Properly","Normal","","","","","","","",0,"",0,"Yes",1,"",0,"",0,"",0,"",0,"",0,"",0,"Yes",1,"Yes",1,"",0,"",0,118,"Tam O'Shanter-Sullivan (118)",7038,1,-2.6907313170568612,0.063522500301263163,0.93647749969873684,"Non-Fatal Injury",1
-8831842.38346367,5416107.35964861,6711359,1269435,2011,2011-10-11 00:00:00.000,1815,18,"DANFORTH AVE","night","EUSTON AVE","","Major Arterial","Toronto and East York",14,54,43.680345,-79.33779,"Intersection","At Intersection","No Control","Clear",1,"Daylight","Dry","Non-Fatal Injury","Turning Movement","Driver","35 to 39","","None","","East","Automobile, Station Wagon","Going Ahead","Driving Properly","Normal","","","","","","","",0,"",0,"Yes",1,"",0,"",0,"",0,"",0,"",0,"",0,"Yes",1,"",0,"",0,"",0,66,"Danforth (66)",7161,0,-3.272433632243529,0.0365290806270122,0.96347091937298779,"Non-Fatal Injury",1
-8836718.17716042,5412660.07378719,6805786,1261497,2011,2011-10-20 00:00:00.000,1127,11,"YONGE ST","day","ELM ST","","Major Arterial","Toronto and East York",,51,43.657945,-79.38159,"Intersection","","No Control","Clear",1,"Daylight","Dry","Non-Fatal Injury","Pedestrian Collisions","Driver","40 to 44","","None","","North","Automobile, Station Wagon","Going Ahead","Driving Properly","Normal","","","","","","","Yes",1,"",0,"Yes",1,"",0,"",0,"",0,"",0,"",0,"",0,"",0,"",0,"",0,"",0,75,"Church-Yonge Corridor (75)",7207,0,-1.8433748250621793,0.13665264664443061,0.86334735335556934,"Non-Fatal Injury",1
-8840313.79671304,5411552.29075458,6699901,1264528,2011,2011-11-15 00:00:00.000,1045,10,"DUNDAS ST W","day","GRACE ST","","Major Arterial","Toronto and East York",,14,43.650745,-79.41389,"Intersection","At Intersection","Traffic Signal","Clear",1,"Daylight","Dry","Non-Fatal Injury","Pedestrian Collisions","Driver","75 to 79","","None","","East","Automobile, Station Wagon","Going Ahead","Driving Properly","Normal","","","","","","","Yes",1,"",0,"Yes",1,"",0,"",0,"",0,"",0,"",0,"",0,"",0,"",0,"",0,"",0,81,"Trinity-Bellwoods (81)",7320,1,-1.469458551973843,0.18702492535045798,0.812975074649542,"Non-Fatal Injury",1