X,Y,Index_,ACCNUM,YEAR,DATE,TIME,HOUR,STREET1,Night,STREET2,OFFSET,ROAD_CLASS,District,WardNum,Division,LATITUDE,LONGITUDE,LOCCOORD,ACCLOC,TRAFFCTL,VISIBILITY,VISIBILITY_Clear,LIGHT,RDSFCOND,ACCLASS,IMPACTYPE,INVTYPE,INVAGE,Age Class,INJURY,FATAL_NO,INITDIR,VEHTYPE,MANOEUVER,DRIVACT,DRIVCOND,PEDTYPE,PEDACT,PEDCOND,CYCLISTYPE,CYCACT,CYCCOND,PEDESTRIAN,PEDESTRIAN_Yes,CYCLIST,CYCLIST_Yes,AUTOMOBILE,AUTOMOBILE_Yes,MOTORCYCLE,MOTORCYCLE_Yes,TRUCK,TRUCK_Yes,TRSN_CITY_VEH,TRSN_CITY_VEH_Yes,EMERG_VEH,EMERG_VEH_Yes,PASSENGER,PASSENGER_Yes,SPEEDING,SPEEDING_Yes,AG_DRIV,AG_DRIV_Yes,REDLIGHT,REDLIGHT_Yes,ALCOHOL,ALCOHOL_Yes,DISABILITY,DISABILITY_Yes,Hood_ID,Neighbourhood,ObjectId,Validation,Lin[Fatal],Prob[Fatal],Prob[Non-Fatal Injury],Most Likely ACCLASS 2,Correct
-8835368.31701506,5412132.01397549,80154370,4001694942,2014,2014-03-13 00:00:00.000,1755,17,"QUEEN ST E","day","SHERBOURNE ST","","Major Arterial","Toronto and East York",13,51,43.654513,-79.369464,"Intersection","Intersection Related","Traffic Signal","Clear",1,"Daylight","Dry","Non-Fatal Injury","Pedestrian Collisions","Driver","45 to 49","","Major","","West","Automobile, Station Wagon","Going Ahead","Driving Properly","Normal","","","","","","","Yes",1,"",0,"Yes",1,"",0,"",0,"",0,"",0,"",0,"",0,"",0,"",0,"",0,"",0,73,"Moss Park (73)",10476,0,-1.9098667855329294,0.12899581883752859,0.87100418116247147,"Non-Fatal Injury",1
-8842441.33482108,5424242.36048018,80205477,4001752528,2014,2014-03-23 00:00:00.000,1059,10,"BATHURST  ST","day","HOTSPUR RD","","Major Arterial","North York",8,32,43.733172,-79.433002,"Intersection","At Intersection","No Control","Clear",1,"Daylight","Dry","Non-Fatal Injury","Turning Movement","Driver","55 to 59","","Major","","South","Automobile, Station Wagon","Going Ahead","Driving Properly","Normal","","","","","","","",0,"",0,"Yes",1,"",0,"",0,"",0,"",0,"Yes",1,"",0,"Yes",1,"",0,"",0,"",0,39,"Bedford Park-Nortown (39)",10497,1,-2.5657361939078855,0.071376400892337183,0.9286235991076629,"Non-Fatal Injury",1
-8822857.34208378,5422344.83065082,80156892,4001851906,2014,2014-04-08 00:00:00.000,1550,15,"DANFORTH RD","day","LINDEN AVE","","Major Arterial","Scarborough",20,41,43.720854,-79.257076,"Intersection","At Intersection","No Control","Clear",1,"Daylight","Dry","Non-Fatal Injury","Pedestrian Collisions","Driver","30 to 34","","None","","South","Automobile, Station Wagon","Going Ahead","Driving Properly","Normal","","","","","","","Yes",1,"",0,"Yes",1,"",0,"",0,"",0,"",0,"",0,"",0,"",0,"",0,"",0,"",0,124,"Kennedy Park (124)",10527,1,-1.890141136543825,0.13122837797781492,0.86877162202218516,"Non-Fatal Injury",1
-8833570.39591926,5430491.19314486,7890501,1386836,2013,2013-10-11 00:00:00.000,1650,16,"SHEPPARD AVE E","day","SHAUGHNESSY BLVD","","Major Arterial","North York",17,33,43.773719,-79.353313,"Intersection","","Traffic Signal","Clear",1,"Daylight","Dry","Non-Fatal Injury","Turning Movement","Driver","20 to 24","","Major","","West","Automobile, Station Wagon","Going Ahead","Driving Properly","Normal","","","","","","","",0,"",0,"Yes",1,"",0,"",0,"",0,"",0,"",0,"",0,"Yes",1,"",0,"",0,"",0,53,"Henry Farm (53)",10604,0,-3.2220505111481339,0.038344303300649064,0.961655696699351,"Non-Fatal Injury",1
-8841701.61680476,5419931.50475098,7889689,1386526,2013,2013-09-13 00:00:00.000,722,7,"ROSELAWN AVE","day","BATHURST ST","","Major Arterial","North York",8,53,43.705184,-79.426357,"Intersection","","Traffic Signal","Clear",1,"Daylight","Dry","Non-Fatal Injury","Angle","Driver","55 to 59","","Major","","East","Automobile, Station Wagon","Going Ahead","Driving Properly","Normal","","","","","","","",0,"",0,"Yes",1,"",0,"",0,"",0,"",0,"",0,"",0,"Yes",1,"Yes",1,"",0,"",0,102,"Forest Hill North (102)",10745,1,-2.2599252157790657,0.094496767827166026,0.905503232172834,"Non-Fatal Injury",1
-8821867.04389369,5420844.39774257,7892220,1387447,2013,2013-09-17 00:00:00.000,1527,15,"KINGSTON RD","day","MIDLAND AVE","","Major Arterial","Scarborough",20,41,43.711112,-79.24818,"Intersection","","Traffic Signal","Clear",1,"Daylight","Dry","Non-Fatal Injury","Turning Movement","Driver","75 to 79","","Minor","","East","Automobile, Station Wagon","Going Ahead","Driving Properly","Normal","","","","","","","",0,"",0,"Yes",1,"",0,"",0,"",0,"",0,"Yes",1,"",0,"",0,"",0,"",0,"",0,123,"Cliffcrest (123)",10770,0,-2.0074280039594443,0.11842523257276986,0.88157476742723007,"Non-Fatal Injury",1
-8851701.22402374,5419156.04781824,7868352,1377550,2013,2013-09-26 00:00:00.000,1800,18,"LAWRENCE AVE W","night","WESTON RD","","Major Arterial","Etobicoke York",5,12,43.700148,-79.516185,"Intersection","","No Control","Clear",1,"Daylight","Dry","Non-Fatal Injury","Pedestrian Collisions","Driver","30 to 34","","None","","West","Automobile, Station Wagon","Going Ahead","Driving Properly","Normal","","","","","","","Yes",1,"",0,"Yes",1,"",0,"",0,"",0,"",0,"",0,"",0,"",0,"",0,"",0,"",0,113,"Weston (113)",10808,1,-1.942838163727167,0.12533638564513655,0.87466361435486351,"Non-Fatal Injury",1
-8858209.40673348,5423464.8467357,80150468,4001467875,2014,2014-02-04 00:00:00.000,1255,12,"KIPLING AVE","day","WESTHUMBER BLVD","","Major Arterial","Etobicoke York",1,23,43.728125,-79.574649,"Intersection","At Intersection","Traffic Signal","Clear",1,"Daylight","Dry","Non-Fatal Injury","Pedestrian Collisions","Driver","35 to 39","","None","","West","Automobile, Station Wagon","Going Ahead","Driving Properly","Normal","","","","","","","Yes",1,"",0,"Yes",1,"",0,"",0,"",0,"",0,"",0,"",0,"Yes",1,"Yes",1,"Yes",1,"",0,4,"Rexdale-Kipling (4)",10856,1,-1.7493395843509276,0.14813051510859618,0.85186948489140391,"Non-Fatal Injury",1
-8836254.97675923,5410218.20392283,80626611,4001540834,2014,2014-02-16 00:00:00.000,1321,13,"BAY ST","day","HARBOUR ST","","Major Arterial","Toronto and East York",10,52,43.642073,-79.377429,"Intersection","At Intersection","Traffic Signal","Clear",1,"Daylight","Dry","Non-Fatal Injury","Pedestrian Collisions","Driver","15 to 19","","None","","East","Automobile, Station Wagon","Going Ahead","Driving Properly","Normal","","","","","","","Yes",1,"",0,"Yes",1,"",0,"",0,"",0,"",0,"Yes",1,"",0,"Yes",1,"",0,"",0,"",0,77,"Waterfront Communities-The Island (77)",10892,0,-2.0370540918136948,0.11536704353914332,0.88463295646085671,"Non-Fatal Injury",1
-8836529.37930403,5414509.44424981,80198192,3001000463,2013,2013-11-19 00:00:00.000,1327,13,"MOUNT PLEASANT RD","day","TED ROGERS WAY","","Major Arterial","Toronto and East York",,51,43.669963,-79.379894,"Intersection","Intersection Related","Traffic Signal","Clear",1,"Daylight","Dry","Non-Fatal Injury","Rear End","Driver","65 to 69","","None","","West","Automobile, Station Wagon","Going Ahead","Driving Properly","Normal","","","","","","","",0,"",0,"Yes",1,"",0,"",0,"",0,"",0,"Yes",1,"",0,"Yes",1,"",0,"",0,"",0,74,"North St.James Town (74)",10996,1,-3.589260720729917,0.026876447210181245,0.97312355278981877,"Non-Fatal Injury",1
-8836529.37930403,5414509.44424981,80198193,3001000463,2013,2013-11-19 00:00:00.000,1327,13,"MOUNT PLEASANT RD","day","TED ROGERS WAY","","Major Arterial","Toronto and East York",,51,43.669963,-79.379894,"Intersection","Intersection Related","Traffic Signal","Clear",1,"Daylight","Dry","Non-Fatal Injury","Rear End","Driver","35 to 39","","None","","West","Automobile, Station Wagon","Going Ahead","Driving Properly","Normal","","","","","","","",0,"",0,"Yes",1,"",0,"",0,"",0,"",0,"Yes",1,"",0,"Yes",1,"",0,"",0,"",0,74,"North St.James Town (74)",10997,0,-3.9119329984763676,0.019609573449512949,0.98039042655048692,"Non-Fatal Injury",1
-8827184.44201041,5420473.71657357,80236875,5000670962,2015,2015-04-23 00:00:00.000,1018,10,"VICTORIA PARK AVE","day","ST CLAIR AVE E","","Major Arterial","Toronto and East York",,41,43.708705,-79.295947,"Intersection","At Intersection","Traffic Controller","Clear",1,"Daylight","Dry","Non-Fatal Injury","Pedestrian Collisions","Driver","85 to 89","","None","","South","Automobile, Station Wagon","Going Ahead","Driving Properly","Normal","","","","","","","Yes",1,"",0,"Yes",1,"",0,"",0,"",0,"",0,"",0,"",0,"",0,"",0,"",0,"",0,120,"Clairlea-Birchmount (120)",11011,1,-0.48806194211926,0.38035023072236129,0.61964976927763871,"Non-Fatal Injury",1
-8853449.94190461,5421549.30283963,80247514,5001383996,2015,2015-08-12 00:00:00.000,1524,15,"WILSON AVE","day","KELVIN AVE","","Major Arterial","Etobicoke York",7,31,43.715689,-79.531894,"Intersection","At Intersection","Stop Sign","Clear",1,"Daylight","Dry","Non-Fatal Injury","Cyclist Collisions","Driver","50 to 54","","None","","East","Automobile, Station Wagon","Going Ahead","Driving Properly","Normal","","","","","","","",0,"Yes",1,"Yes",1,"",0,"",0,"",0,"",0,"",0,"",0,"",0,"",0,"",0,"",0,23,"Pelmo Park-Humberlea (23)",11109,0,-2.6272564742205082,0.067404707671736619,0.93259529232826344,"Non-Fatal Injury",1
-8864890.91389038,5427026.66516366,80488277,5001432053,2015,2015-08-20 00:00:00.000,947,9,"STEELES AVE W","day","ALCIDE ST","","Major Arterial","Etobicoke York",1,23,43.751242,-79.63467,"Intersection","Intersection Related","No Control","Clear",1,"Daylight","Dry","Non-Fatal Injury","Turning Movement","Driver","25 to 29","","Major","","East","Automobile, Station Wagon","Going Ahead","Driving Properly","Normal","","","","","","","",0,"",0,"Yes",1,"",0,"Yes",1,"",0,"",0,"",0,"",0,"Yes",1,"",0,"",0,"",0,1,"West Humber-Clairville (1)",11271,0,-1.6918502675999978,0.15553266688346107,0.844467333116539,"Non-Fatal Injury",1
-8847122.65336741,5417616.72166548,80557289,5000276965,2015,2015-02-16 00:00:00.000,1410,14,"2609 EGLINTON AVE W","day","","","Major Arterial","Etobicoke York",5,12,43.69015,-79.475055,"Intersection","Non Intersection","No Control","Clear",1,"Daylight","Dry","Non-Fatal Injury","Pedestrian Collisions","Driver","50 to 54","","None","","East","Automobile, Station Wagon","Going Ahead","Driving Properly","Normal","","","","","","","Yes",1,"",0,"Yes",1,"",0,"",0,"",0,"",0,"Yes",1,"",0,"",0,"",0,"",0,"",0,110,"Keelesdale-Eglinton West (110)",11437,0,-1.393615376010402,0.19883120985685507,0.801168790143145,"Non-Fatal Injury",1
-8845450.41197671,5412160.17024919,80509564,5000439931,2015,2015-03-15 00:00:00.000,1445,14,"BLOOR ST W","day","PARKSIDE DR","","Major Arterial","Toronto and East York",4,11,43.654696,-79.460033,"Intersection","At Intersection","Traffic Signal","Clear",1,"Daylight","Dry","Non-Fatal Injury","Turning Movement","Driver","50 to 54","","Major","","South","Automobile, Station Wagon","Going Ahead","Driving Properly","Normal","","","","","","","",0,"",0,"Yes",1,"",0,"",0,"",0,"",0,"",0,"",0,"Yes",1,"",0,"",0,"",0,87,"High Park-Swansea (87)",11474,0,-2.8820789217970484,0.053046609525494261,0.94695339047450566,"Non-Fatal Injury",1
-8839739.72209902,5409042.42266541,80252842,5001759901,2015,2015-10-12 00:00:00.000,1440,14,"STRACHAN AVE","day","LAKE SHORE BLVD W","","Major Arterial","Toronto and East York",10,14,43.634429,-79.408733,"Intersection","At Intersection","Traffic Signal","Clear",1,"Daylight","Dry","Non-Fatal Injury","Turning Movement","Driver","25 to 29","","Minimal","","East","Automobile, Station Wagon","Going Ahead","Driving Properly","Normal","","","","","","","",0,"",0,"Yes",1,"",0,"",0,"",0,"",0,"Yes",1,"",0,"Yes",1,"",0,"",0,"Yes",1,82,"Niagara (82)",11557,1,-2.8384512136356834,0.055281367984913517,0.94471863201508643,"Non-Fatal Injury",1
-8851434.5025238,5422184.48738817,80241308,5000984230,2015,2015-06-12 00:00:00.000,756,7,"WILSON AVE","day","DALLNER RD","","Major Arterial","Etobicoke York",7,31,43.719813,-79.513789,"Intersection","At Intersection","Stop Sign","Clear",1,"Daylight","Dry","Non-Fatal Injury","Turning Movement","Driver","45 to 49","","Minor","","West","Automobile, Station Wagon","Going Ahead","Driving Properly","Normal","","","","","","","",0,"",0,"Yes",1,"",0,"",0,"",0,"",0,"",0,"",0,"Yes",1,"",0,"",0,"",0,26,"Downsview-Roding-CFB (26)",11599,1,-3.1094457906572215,0.042719302513892644,0.95728069748610733,"Non-Fatal Injury",1
-8820275.39781432,5431727.37535256,80486141,5001105926,2015,2015-07-01 00:00:00.000,949,9,"MARKHAM RD","day","PROGRESS AVE","","Major Arterial","Scarborough",24,43,43.781737,-79.233882,"Intersection","At Intersection","Traffic Signal","Clear",1,"Daylight","Dry","Non-Fatal Injury","Turning Movement","Driver","35 to 39","","Minimal","","West","Automobile, Station Wagon","Going Ahead","Driving Properly","Normal","","","","","","","",0,"",0,"Yes",1,"",0,"",0,"",0,"",0,"Yes",1,"",0,"Yes",1,"",0,"",0,"",0,137,"Woburn (137)",11642,0,-2.8254580100311637,0.055963876590282756,0.94403612340971721,"Non-Fatal Injury",1
-8839461.97996949,5434705.19220215,80486947,5001220959,2015,2015-07-18 00:00:00.000,1211,12,"STEELES AVE E","day","MAXOME AVE","","Major Arterial","North York",18,32,43.801047,-79.406238,"Intersection","At Intersection","Traffic Signal","Clear",1,"Daylight","Dry","Non-Fatal Injury","Turning Movement","Driver","75 to 79","","Major","","East","Automobile, Station Wagon","Going Ahead","Driving Properly","Normal","","","","","","","",0,"",0,"Yes",1,"",0,"",0,"",0,"",0,"Yes",1,"",0,"Yes",1,"",0,"",0,"",0,50,"Newtonbrook East (50)",11680,0,-2.2747589620690976,0.09323509898870834,0.90676490101129159,"Non-Fatal Injury",1
-8847981.2605999,5426569.90144747,80247056,5001353530,2015,2015-08-07 00:00:00.000,1715,17,"SHEPPARD AVE W","day","JOHN DRURY DR","","Major Arterial","North York",6,31,43.748278,-79.482768,"Intersection","At Intersection","Traffic Signal","Clear",1,"Daylight","Dry","Non-Fatal Injury","Pedestrian Collisions","Driver","unknown","","None","","West","Automobile, Station Wagon","Going Ahead","Driving Properly","Normal","","","","","","","Yes",1,"",0,"Yes",1,"",0,"",0,"",0,"",0,"",0,"",0,"",0,"",0,"",0,"",0,26,"Downsview-Roding-CFB (26)",11720,0,-1.6418801535029175,0.16220939210967811,0.83779060789032189,"Non-Fatal Injury",1
-8854670.33748218,5417380.10266468,80487931,5001369619,2015,2015-08-10 00:00:00.000,1130,11,"ISLINGTON AVE","day","THE WESTWAY","","Major Arterial","Etobicoke York",2,23,43.688613,-79.542857,"Intersection","At Intersection","Traffic Signal","Clear",1,"Daylight","Dry","Non-Fatal Injury","Angle","Driver","40 to 44","","Minor","","West","Automobile, Station Wagon","Going Ahead","Driving Properly","Normal","","","","","","","",0,"",0,"Yes",1,"",0,"",0,"",0,"",0,"Yes",1,"",0,"Yes",1,"Yes",1,"",0,"",0,7,"Willowridge-Martingrove-Richview (7)",11735,1,-2.0539797163662463,0.1136508703212278,0.88634912967877222,"Non-Fatal Injury",1
-8854048.72944559,5421753.22250335,80218397,4002906646,2014,2014-09-14 00:00:00.000,643,6,"WALSH AVE","day","WESTON N WALSH RAMP","","Major Arterial","Etobicoke York",7,31,43.717013,-79.537273,"Intersection","At Intersection","Traffic Signal","Clear",1,"Daylight","Dry","Non-Fatal Injury","Turning Movement","Driver","65 to 69","","Major","","East","Automobile, Station Wagon","Going Ahead","Driving Properly","Normal","","","","","","","",0,"",0,"Yes",1,"",0,"",0,"",0,"",0,"",0,"",0,"Yes",1,"Yes",1,"",0,"",0,23,"Pelmo Park-Humberlea (23)",11751,0,-2.3062183264357747,0.090609269643489157,0.909390730356511,"Non-Fatal Injury",1
-8835407.39015633,5410754.00001842,80511223,5000630061,2015,2015-04-16 00:00:00.000,1540,15,"LAKE SHORE BLVD E","day","LOWER JARVIS ST","","Major Arterial","Toronto and East York",10,51,43.645556,-79.369815,"Intersection","At Intersection","Traffic Signal","Clear",1,"Daylight","Dry","Non-Fatal Injury","Turning Movement","Driver","30 to 34","","Major","","East","Automobile, Station Wagon","Going Ahead","Driving Properly","Normal","","","","","","","",0,"",0,"Yes",1,"",0,"",0,"",0,"",0,"",0,"",0,"Yes",1,"",0,"",0,"",0,77,"Waterfront Communities-The Island (77)",11988,0,-3.0897201416681161,0.043533286246979282,0.95646671375302073,"Non-Fatal Injury",1
-8856423.39682319,5418236.85540297,80632118,6001469848,2016,2016-08-19 00:00:00.000,1853,18,"KIPLING AVE","night","DIXON RD","","Major Arterial","Etobicoke York",,23,43.694178,-79.558605,"Intersection","At Intersection","Traffic Signal","Clear",1,"Daylight","Dry","Non-Fatal Injury","Pedestrian Collisions","Driver","40 to 44","","None","","North","Automobile, Station Wagon","Going Ahead","Driving Properly","Normal","","","","","","","Yes",1,"",0,"Yes",1,"",0,"",0,"",0,"",0,"",0,"",0,"",0,"",0,"",0,"",0,6,"Kingsview Village-The Westway (6)",12060,0,-1.5798896891454977,0.17081110529668078,0.82918889470331925,"Non-Fatal Injury",1
-8861867.36520094,5425942.73576033,80717230,6001481386,2016,2016-08-21 00:00:00.000,1617,16,"ALBION RD","day","HIGHWAY 27  N","","Major Arterial","Etobicoke York",1,23,43.744208,-79.607509,"Intersection","At Intersection","Traffic Signal","Clear",1,"Daylight","Dry","Non-Fatal Injury","Turning Movement","Driver","40 to 44","","None","","East","Automobile, Station Wagon","Going Ahead","Driving Properly","Normal","","","","","","","",0,"",0,"Yes",1,"",0,"",0,"",0,"",0,"Yes",1,"",0,"",0,"",0,"",0,"",0,1,"West Humber-Clairville (1)",12071,0,-2.2232531954977679,0.097681692189161423,0.90231830781083866,"Non-Fatal Injury",1
-8835407.39015633,5410754.00001842,80632143,6001511108,2016,2016-08-26 00:00:00.000,850,8,"LOWER JARVIS ST","day","LAKE SHORE BLVD E","","Major Arterial","Toronto and East York",10,51,43.645556,-79.369815,"Intersection","At Intersection","Traffic Signal","Clear",1,"Daylight","Dry","Non-Fatal Injury","Pedestrian Collisions","Driver","20 to 24","","Minimal","","East","Automobile, Station Wagon","Going Ahead","Driving Properly","Normal","","","","","","","Yes",1,"",0,"Yes",1,"",0,"",0,"",0,"",0,"Yes",1,"",0,"Yes",1,"Yes",1,"",0,"",0,77,"Waterfront Communities-The Island (77)",12084,1,-1.4627689497765051,0.18804418684269542,0.8119558131573047,"Non-Fatal Injury",1
-8827045.18132743,5428773.48650347,80254129,5001835148,2015,2015-10-25 00:00:00.000,1100,11,"ELLESMERE RD","day","PRINCIPAL RD","","Major Arterial","Scarborough",21,41,43.762576,-79.294696,"Intersection","Intersection Related","Traffic Signal","Clear",1,"Daylight","Dry","Non-Fatal Injury","Pedestrian Collisions","Driver","20 to 24","","None","","East","Automobile, Station Wagon","Going Ahead","Driving Properly","Normal","","","","","","","Yes",1,"",0,"Yes",1,"",0,"",0,"",0,"",0,"",0,"",0,"Yes",1,"",0,"",0,"",0,119,"Wexford/Maryvale (119)",12155,0,-2.2371054369501673,0.096467541802994855,0.90353245819700512,"Non-Fatal Injury",1
-8828459.27281898,5425700.04795094,80254157,5001836357,2015,2015-10-25 00:00:00.000,1536,15,"LAWRENCE AVE E","day","TOWNLEY AVE","","Major Arterial","Scarborough",21,41,43.742633,-79.307399,"Intersection","Intersection Related","No Control","Clear",1,"Daylight","Dry","Non-Fatal Injury","Pedestrian Collisions","Driver","40 to 44","","None","","East","Automobile, Station Wagon","Going Ahead","Driving Properly","Normal","","","","","","","Yes",1,"",0,"Yes",1,"",0,"",0,"",0,"",0,"",0,"",0,"",0,"",0,"",0,"",0,119,"Wexford/Maryvale (119)",12159,0,-1.6325867163288397,0.16347631508807303,0.836523684911927,"Non-Fatal Injury",1
-8836131.85740241,5420471.86859506,80492007,5001897298,2015,2015-11-04 00:00:00.000,1530,15,"BAYVIEW AVE","day","PARKHURST BLVD","","Major Arterial","North York",15,53,43.708693,-79.376323,"Intersection","At Intersection","Stop Sign","Clear",1,"Daylight","Dry","Non-Fatal Injury","Angle","Driver","50 to 54","","Minimal","","South","Automobile, Station Wagon","Going Ahead","Driving Properly","Normal","","","","","","","",0,"",0,"Yes",1,"",0,"",0,"",0,"",0,"Yes",1,"",0,"Yes",1,"",0,"",0,"",0,56,"Leaside-Bennington (56)",12210,0,-2.5366478360381288,0.073328632598558138,0.92667136740144185,"Non-Fatal Injury",1
-8843944.59322475,5421536.3654903,80543472,6000963645,2016,2016-06-03 00:00:00.000,1430,14,"LAWRENCE AVE W","day","MARLEE AVE","","Major Arterial","North York",8,32,43.715605,-79.446506,"Intersection","At Intersection","Traffic Signal","Clear",1,"Daylight","Dry","Non-Fatal Injury","Rear End","Driver","65 to 69","","None","","East","Automobile, Station Wagon","Going Ahead","Driving Properly","Normal","","","","","","","",0,"",0,"Yes",1,"",0,"",0,"",0,"",0,"Yes",1,"",0,"Yes",1,"",0,"",0,"",0,31,"Yorkdale-Glen Park (31)",12362,0,-3.4311696391799051,0.031335410134713172,0.96866458986528681,"Non-Fatal Injury",1
-8849283.25336422,5431692.06677627,80719120,6001707155,2016,2016-09-25 00:00:00.000,1629,16,"KEELE ST","day","STEELES AVE W","","Major Arterial","Etobicoke York",,31,43.781508,-79.494464,"Intersection","At Intersection","Traffic Signal","Clear",1,"Daylight","Dry","Non-Fatal Injury","Angle","Driver","65 to 69","","Minor","","North","Automobile, Station Wagon","Going Ahead","Driving Properly","Normal","","","","","","","",0,"",0,"Yes",1,"",0,"",0,"",0,"",0,"Yes",1,"",0,"Yes",1,"Yes",1,"",0,"",0,27,"York University Heights (27)",12437,0,-1.8553931863101845,0.13524091778482095,0.86475908221517916,"Non-Fatal Injury",1
-8850559.75396515,5420822.68314645,80732212,6000861848,2016,2016-05-19 00:00:00.000,1200,12,"JANE ST","day","400 S JANE ST RAMP","","Major Arterial","Etobicoke York",5,12,43.710971,-79.505931,"Intersection","At Intersection","Traffic Signal","Clear",1,"Daylight","Dry","Non-Fatal Injury","Turning Movement","Driver","30 to 34","","Major","","North","Automobile, Station Wagon","Going Ahead","Driving Properly","Normal","","","","","","","",0,"",0,"Yes",1,"",0,"",0,"",0,"",0,"",0,"",0,"Yes",1,"",0,"",0,"",0,28,"Rustic (28)",12583,0,-3.0370231144847741,0.04578104073556289,0.954218959264437,"Non-Fatal Injury",1
-8825781.48246794,5417940.94726724,80632472,6000883005,2016,2016-05-22 00:00:00.000,1815,18,"DANFORTH AVE","night","PHARMACY AVE","","Major Arterial","Scarborough",20,41,43.692256,-79.283344,"Intersection","At Intersection","Traffic Signal","Clear",1,"Daylight","Dry","Non-Fatal Injury","Pedestrian Collisions","Driver","20 to 24","","None","","West","Automobile, Station Wagon","Going Ahead","Driving Properly","Normal","","","","","","","Yes",1,"",0,"Yes",1,"",0,"",0,"",0,"",0,"Yes",1,"",0,"",0,"",0,"",0,"",0,121,"Oakridge (121)",12592,0,-1.5754958838114757,0.17143432088362215,0.82856567911637791,"Non-Fatal Injury",1
-8836220.13375861,5420822.06713029,80542694,6000943293,2016,2016-05-31 00:00:00.000,1600,16,"EGLINTON AVE E","day","BAYVIEW AVE","","Major Arterial","North York",15,53,43.710967,-79.377116,"Intersection","At Intersection","Traffic Signal","Clear",1,"Daylight","Dry","Non-Fatal Injury","Turning Movement","Driver","30 to 34","","None","","East","Automobile, Station Wagon","Going Ahead","Driving Properly","Normal","","","","","","","",0,"",0,"Yes",1,"",0,"",0,"",0,"",0,"Yes",1,"",0,"Yes",1,"",0,"",0,"",0,56,"Leaside-Bennington (56)",12636,0,-2.8008356010057485,0.057279038294872069,0.94272096170512787,"Non-Fatal Injury",1
-8861635.48670162,5425145.04877958,80632042,6001186326,2016,2016-07-07 00:00:00.000,654,6,"HIGHWAY 27  N","day","CARRIER DR","","Major Arterial","Etobicoke York",1,23,43.739031,-79.605426,"Intersection","At Intersection","Traffic Signal","Clear",1,"Daylight","Dry","Non-Fatal Injury","Rear End","Driver","80 to 84","","None","","North","Automobile, Station Wagon","Going Ahead","Driving Properly","Normal","","","","","","","",0,"",0,"Yes",1,"Yes",1,"",0,"",0,"",0,"",0,"",0,"Yes",1,"",0,"",0,"",0,1,"West Humber-Clairville (1)",12752,0,-3.069276386759344,0.0443925144608672,0.95560748553913277,"Non-Fatal Injury",1
-8836891.94688555,5414674.27131906,80564155,6001200915,2016,2016-07-09 00:00:00.000,930,9,"CHURCH ST","day","BLOOR ST E","","Major Arterial","Toronto and East York",11,53,43.671034,-79.383151,"Intersection","Intersection Related","Traffic Signal","Clear",1,"Daylight","Dry","Non-Fatal Injury","Turning Movement","Driver","40 to 44","","Major","","North","Automobile, Station Wagon","Going Ahead","Driving Properly","Normal","","","","","","","",0,"",0,"Yes",1,"",0,"",0,"",0,"",0,"Yes",1,"",0,"Yes",1,"",0,"",0,"",0,75,"Church-Yonge Corridor (75)",12756,1,-2.595978207974091,0.069397704985959291,0.93060229501404068,"Non-Fatal Injury",1
-8846291.20809068,5414893.89141497,80632062,6001286776,2016,2016-07-22 00:00:00.000,1223,12,"ST CLAIR AVE W","day","WESTON RD","","Major Arterial","Etobicoke York",5,12,43.672461,-79.467586,"Intersection","At Intersection","Traffic Signal","Clear",1,"Daylight","Dry","Non-Fatal Injury","Pedestrian Collisions","Driver","25 to 29","","Minimal","","West","Automobile, Station Wagon","Going Ahead","Driving Properly","Normal","","","","","","","Yes",1,"",0,"Yes",1,"",0,"",0,"",0,"",0,"",0,"",0,"Yes",1,"",0,"",0,"",0,90,"Junction Area (90)",12798,0,-2.1423906801000703,0.10504442915104022,0.89495557084895982,"Non-Fatal Injury",1