X,Y,Index_,ACCNUM,YEAR,DATE,TIME,HOUR,STREET1,Night,STREET2,OFFSET,ROAD_CLASS,District,WardNum,Division,LATITUDE,LONGITUDE,LOCCOORD,ACCLOC,TRAFFCTL,VISIBILITY,VISIBILITY_Clear,LIGHT,RDSFCOND,ACCLASS,IMPACTYPE,INVTYPE,INVAGE,Age Class,INJURY,FATAL_NO,INITDIR,VEHTYPE,MANOEUVER,DRIVACT,DRIVCOND,PEDTYPE,PEDACT,PEDCOND,CYCLISTYPE,CYCACT,CYCCOND,PEDESTRIAN,PEDESTRIAN_Yes,CYCLIST,CYCLIST_Yes,AUTOMOBILE,AUTOMOBILE_Yes,MOTORCYCLE,MOTORCYCLE_Yes,TRUCK,TRUCK_Yes,TRSN_CITY_VEH,TRSN_CITY_VEH_Yes,EMERG_VEH,EMERG_VEH_Yes,PASSENGER,PASSENGER_Yes,SPEEDING,SPEEDING_Yes,AG_DRIV,AG_DRIV_Yes,REDLIGHT,REDLIGHT_Yes,ALCOHOL,ALCOHOL_Yes,DISABILITY,DISABILITY_Yes,Hood_ID,Neighbourhood,ObjectId,Validation,Lin[Fatal],Prob[Fatal],Prob[Non-Fatal Injury],Most Likely ACCLASS 2,Correct
-8829671.20811524,5423156.90963285,80500540,6000074879,2016,2016-01-13 00:00:00.000,1320,13,"EGLINTON AVE E","day","CREDIT UNION DR","","Major Arterial","North York",16,33,43.726126,-79.318286,"Intersection","At Intersection","Traffic Signal","Clear",1,"Daylight","Dry","Non-Fatal Injury","Turning Movement","Driver","40 to 44","","Minimal","","East","Automobile, Station Wagon","Going Ahead","Driving Properly","Normal","","","","","","","",0,"",0,"Yes",1,"",0,"",0,"",0,"",0,"Yes",1,"",0,"Yes",1,"",0,"",0,"",0,43,"Victoria Village (43)",12881,1,-2.595978207974091,0.069397704985959291,0.93060229501404068,"Non-Fatal Injury",1
-8824511.77235596,5437300.27056738,80632035,6001117319,2016,2016-06-26 00:00:00.000,1300,13,"MCCOWAN RD","day","MCNICOLL AVE","","Major Arterial","Scarborough",23,42,43.81787,-79.271938,"Intersection","At Intersection","Traffic Signal","Clear",1,"Daylight","Dry","Non-Fatal Injury","Sideswipe","Driver","55 to 59","","None","","North","Automobile, Station Wagon","Going Ahead","Driving Properly","Normal","","","","","","","",0,"",0,"Yes",1,"",0,"",0,"",0,"",0,"Yes",1,"",0,"",0,"",0,"",0,"",0,130,"Milliken (130)",12991,0,-3.2698691270885734,0.036619444989440288,0.96338055501055975,"Non-Fatal Injury",1
-8844849.95464338,5410049.30306628,80563587,6001119393,2016,2016-06-26 00:00:00.000,1948,19,"PARKSIDE DR","night","SPRING RD","","Major Arterial","Toronto and East York",4,11,43.640975,-79.454639,"Intersection","Intersection Related","Traffic Signal","Clear",1,"Daylight","Dry","Non-Fatal Injury","Pedestrian Collisions","Driver","60 to 64","","None","","South","Automobile, Station Wagon","Going Ahead","Driving Properly","Normal","","","","","","","Yes",1,"",0,"Yes",1,"",0,"",0,"",0,"",0,"",0,"",0,"",0,"",0,"",0,"",0,87,"High Park-Swansea (87)",12994,0,-1.627407210856914,0.16418585699756968,0.8358141430024304,"Non-Fatal Injury",1
-8849465.03809268,5415618.50547547,80776909,7000857576,2017,2017-05-15 00:00:00.000,1806,18,"JANE ST","night","DALRYMPLE Dr","","Major Arterial","Etobicoke York",5,12,43.677169,-79.496097,"Intersection","Non Intersection","No Control","Clear",1,"Daylight","Dry","Non-Fatal Injury","Pedestrian Collisions","Driver","50 to 54","","None","","South","Automobile, Station Wagon","Going Ahead","Driving Properly","Normal","","","","","","","Yes",1,"",0,"Yes",1,"",0,"",0,"",0,"",0,"",0,"",0,"",0,"",0,"",0,"",0,111,"Rockcliffe-Smythe (111)",13064,0,-1.5244088351227578,0.17881321326500421,0.82118678673499579,"Non-Fatal Injury",1
-8838476.80247597,5415544.47156747,80632316,6001979162,2016,2016-11-07 00:00:00.000,935,9,"AVENUE RD","day","ROXBOROUGH ST W","","Major Arterial","Toronto and East York",11,53,43.676688,-79.397388,"Intersection","At Intersection","No Control","Clear",1,"Daylight","Dry","Non-Fatal Injury","Pedestrian Collisions","Driver","50 to 54","","Minor","","North","Automobile, Station Wagon","Going Ahead","Driving Properly","Normal","","","","","","","Yes",1,"",0,"Yes",1,"",0,"",0,"",0,"",0,"Yes",1,"",0,"Yes",1,"",0,"",0,"",0,95,"Annex (95)",13218,1,-1.713643361303383,0.15269175199299323,0.84730824800700677,"Non-Fatal Injury",1
-8840733.35987384,5416294.22699052,80769235,6001757672,2016,2016-10-03 00:00:00.000,1317,13,"BATHURST ST","day","VAUGHAN RD","","Major Arterial","Toronto and East York",12,13,43.681559,-79.417659,"Intersection","At/Near Private Drive","No Control","Clear",1,"Daylight","Dry","Non-Fatal Injury","Angle","Driver","50 to 54","","None","","South","Automobile, Station Wagon","Going Ahead","Driving Properly","Normal","","","","","","","",0,"",0,"Yes",1,"",0,"",0,"",0,"",0,"",0,"Yes",1,"Yes",1,"",0,"",0,"",0,96,"Casa Loma (96)",13246,0,-1.5823016004003598,0.1704697662181236,0.82953023378187651,"Non-Fatal Injury",1
-8831680.63624355,5421349.5460271,80915777,7001667796,2017,2017-09-14 00:00:00.000,1601,16,"DON MILLS RD","day","GATEWAY BLVD","","Major Arterial","North York",16,54,43.714392,-79.336337,"Intersection","At Intersection","Traffic Signal","Clear",1,"Daylight","Dry","Non-Fatal Injury","Turning Movement","Driver","30 to 34","","None","","South","Automobile, Station Wagon","Going Ahead","Driving Properly","Normal","","","","","","","",0,"",0,"Yes",1,"Yes",1,"",0,"",0,"",0,"",0,"",0,"",0,"",0,"",0,"",0,44,"Flemingdon Park (44)",13371,0,-2.6116010748251233,0.068395516603657017,0.93160448339634294,"Non-Fatal Injury",1
-8844455.88364597,5418801.29336843,80784063,7001784038,2017,2017-10-02 00:00:00.000,645,6,"WHITMORE AVE","day","DUFFERIN ST","","Major Arterial","North York",8,13,43.697844,-79.451099,"Intersection","At Intersection","Traffic Signal","Clear",1,"Daylight","Dry","Non-Fatal Injury","Pedestrian Collisions","Driver","35 to 39","","None","","North","Automobile, Station Wagon","Going Ahead","Driving Properly","Normal","","","","","","","Yes",1,"",0,"Yes",1,"",0,"",0,"",0,"",0,"",0,"Yes",1,"Yes",1,"",0,"",0,"",0,108,"Briar Hill-Belgravia (108)",13428,0,-0.93886372737877188,0.28112992148877131,0.71887007851122875,"Non-Fatal Injury",1
-8860849.01449917,5412323.87837087,80723212,6002081357,2016,2016-11-23 00:00:00.000,1515,15,"CENTENNIAL PARK BLVD","day","EGLINTON AVE W","","Major Arterial","Etobicoke York",2,22,43.65576,-79.598361,"Intersection","At Intersection","Traffic Signal","Clear",1,"Daylight","Dry","Non-Fatal Injury","Turning Movement","Driver","55 to 59","","None","","South","Automobile, Station Wagon","Going Ahead","Driving Properly","Normal","","","","","","","",0,"",0,"Yes",1,"",0,"",0,"",0,"",0,"",0,"",0,"",0,"",0,"",0,"",0,11,"Eringate-Centennial-West Deane (11)",13464,1,-2.3238046405439183,0.089170566179924429,0.91082943382007564,"Non-Fatal Injury",1
-8860849.01449917,5412323.87837087,80723213,6002081357,2016,2016-11-23 00:00:00.000,1515,15,"CENTENNIAL PARK BLVD","day","EGLINTON AVE W","","Major Arterial","Etobicoke York",2,22,43.65576,-79.598361,"Intersection","At Intersection","Traffic Signal","Clear",1,"Daylight","Dry","Non-Fatal Injury","Turning Movement","Driver","20 to 24","","Major","","South","Automobile, Station Wagon","Going Ahead","Driving Properly","Normal","","","","","","","",0,"",0,"Yes",1,"",0,"",0,"",0,"",0,"",0,"",0,"",0,"",0,"",0,"",0,11,"Eringate-Centennial-West Deane (11)",13465,0,-2.691234417121799,0.063492578761513457,0.93650742123848651,"Non-Fatal Injury",1
-8821147.69734418,5430585.85127478,80777174,7000960688,2017,2017-05-31 00:00:00.000,900,9,"ELLESMERE RD","day","BELLAMY RD N","","Major Arterial","Scarborough",24,43,43.774333,-79.241718,"Intersection","At Intersection","Traffic Signal","Clear",1,"Daylight","Dry","Non-Fatal Injury","Pedestrian Collisions","Driver","80 to 84","","Minor","","West","Automobile, Station Wagon","Going Ahead","Driving Properly","Normal","","","","","","","Yes",1,"",0,"Yes",1,"",0,"",0,"",0,"",0,"",0,"",0,"Yes",1,"",0,"",0,"",0,137,"Woburn (137)",13533,0,-1.1559474056661845,0.23940444236651709,0.76059555763348285,"Non-Fatal Injury",1
-8828181.53068944,5421583.95654325,81137868,7001038789,2017,2017-06-11 00:00:00.000,1605,16,"5 WAKUNDA PL","day","O CONNOR DR","","Major Arterial","Toronto and East York",19,54,43.715914,-79.304904,"Intersection","Intersection Related","No Control","Clear",1,"Daylight","Dry","Non-Fatal Injury","Cyclist Collisions","Driver","40 to 44","","None","","East","Automobile, Station Wagon","Going Ahead","Driving Properly","Normal","","","","","","","",0,"Yes",1,"Yes",1,"",0,"",0,"",0,"",0,"",0,"",0,"",0,"",0,"",0,"",0,43,"Victoria Village (43)",13574,0,-2.5246462466932487,0.074148346827684938,0.9258516531723151,"Non-Fatal Injury",1
-8820272.0582296,5431717.35325384,80770312,7001094601,2017,2017-06-19 00:00:00.000,1543,15,"MARKHAM RD","day","PROGRESS AVE","","Major Arterial","Scarborough",24,43,43.781672,-79.233852,"Intersection","At Intersection","Traffic Signal","Clear",1,"Daylight","Dry","Non-Fatal Injury","Turning Movement","Driver","55 to 59","","None","","North","Automobile, Station Wagon","Going Ahead","Driving Properly","Normal","","","","","","","",0,"",0,"Yes",1,"Yes",1,"",0,"",0,"",0,"",0,"",0,"",0,"",0,"",0,"",0,137,"Woburn (137)",13609,0,-2.2711076133605905,0.093544251284544563,0.90645574871545542,"Non-Fatal Injury",1
-8833657.89303902,5434472.14448809,80913038,7001234920,2017,2017-07-10 00:00:00.000,1250,12,"DON MILLS RD","day","MCNICOLL AVE","","Major Arterial","North York",17,33,43.799536,-79.354099,"Intersection","At Intersection","Traffic Signal","Clear",1,"Daylight","Dry","Non-Fatal Injury","Turning Movement","Driver","55 to 59","","Minor","","South","Automobile, Station Wagon","Going Ahead","Driving Properly","Normal","","","","","","","",0,"",0,"Yes",1,"",0,"",0,"",0,"",0,"Yes",1,"",0,"",0,"",0,"",0,"",0,48,"Hillcrest Village (48)",13656,0,-2.0349200998815649,0.11558501222363375,0.88441498777636618,"Non-Fatal Injury",1
-8837984.21372921,5409974.69847953,80773902,7001300231,2017,2017-07-20 00:00:00.000,624,6,"BREMNER BLVD","day","SPADINA AVE","","Major Arterial","Toronto and East York",10,52,43.64049,-79.392963,"Intersection","At Intersection","Traffic Signal","Clear",1,"Daylight","Dry","Non-Fatal Injury","Pedestrian Collisions","Driver","20 to 24","","None","","West","Automobile, Station Wagon","Going Ahead","Driving Properly","Normal","","","","","","","Yes",1,"",0,"Yes",1,"",0,"",0,"",0,"",0,"",0,"",0,"",0,"",0,"",0,"",0,77,"Waterfront Communities-The Island (77)",13681,0,-1.7589863701071735,0.14691733524164452,0.85308266475835548,"Non-Fatal Injury",1
-8824666.28380917,5434286.91354668,80775987,7000466331,2017,2017-03-15 00:00:00.000,1658,16,"BRIMLEY RD","day","HUNTINGWOOD DR","","Major Arterial","Scarborough",23,42,43.798335,-79.273326,"Intersection","At Intersection","Traffic Signal","Clear",1,"Daylight","Dry","Non-Fatal Injury","Angle","Driver","30 to 34","","Major","","East","Automobile, Station Wagon","Going Ahead","Driving Properly","Normal","","","","","","","",0,"",0,"Yes",1,"",0,"",0,"",0,"",0,"Yes",1,"",0,"Yes",1,"Yes",1,"",0,"",0,129,"Agincourt North (129)",13783,0,-2.153443055031234,0.10400992067525908,0.89599007932474084,"Non-Fatal Injury",1
-8859547.91229078,5423130.5683168,80903123,7001375273,2017,2017-07-31 00:00:00.000,1345,13,"MARTIN GROVE RD","day","WESTHUMBER  BLVD","","Major Arterial","Etobicoke York",1,23,43.725955,-79.586673,"Intersection","At Intersection","Traffic Signal","Clear",1,"Daylight","Dry","Non-Fatal Injury","Turning Movement","Driver","25 to 29","","Major","","North","Automobile, Station Wagon","Going Ahead","Driving Properly","Normal","","","","","","","",0,"",0,"Yes",1,"",0,"",0,"Yes",1,"",0,"Yes",1,"",0,"",0,"",0,"",0,"",0,1,"West Humber-Clairville (1)",13905,0,-1.4773534182017514,0.18582750268892134,0.81417249731107866,"Non-Fatal Injury",1
-8840746.94085172,5432832.64842546,80779927,7001383604,2017,2017-08-01 00:00:00.000,1648,16,"YONGE  ST","day","WEDGEWOOD  DR","","Major Arterial","North York",18,32,43.788905,-79.417781,"Intersection","At Intersection","No Control","Clear",1,"Daylight","Dry","Non-Fatal Injury","Turning Movement","Driver","60 to 64","","None","","North","Automobile, Station Wagon","Going Ahead","Driving Properly","Normal","","","","","","","",0,"",0,"Yes",1,"",0,"",0,"",0,"",0,"Yes",1,"",0,"Yes",1,"",0,"",0,"",0,50,"Newtonbrook East (50)",13908,0,-2.5907987025021812,0.06973295302213138,0.93026704697786855,"Non-Fatal Injury",1
-8839193.58867719,5413989.28100289,80784302,7001799357,2017,2017-10-04 00:00:00.000,1147,11,"BLOOR ST W","day","SPADINA RD","","Major Arterial","Toronto and East York",11,53,43.666583,-79.403827,"Intersection","At Intersection","Traffic Signal","Clear",1,"Daylight","Dry","Non-Fatal Injury","Cyclist Collisions","Driver","35 to 39","","None","","West","Automobile, Station Wagon","Going Ahead","Driving Properly","Normal","","","","","","","",0,"Yes",1,"Yes",1,"",0,"",0,"",0,"",0,"",0,"",0,"",0,"",0,"",0,"",0,79,"University (79)",14010,0,-2.7014290215669794,0.062889085406328482,0.93711091459367146,"Non-Fatal Injury",1
-8824623.87108318,5430364.16161182,80910263,7001991111,2017,2017-11-03 00:00:00.000,1202,12,"PROGRESS AVE","day","MIDLAND AVE","","Major Arterial","Scarborough",21,41,43.772895,-79.272945,"Intersection","At Intersection","Traffic Signal","Clear",1,"Daylight","Dry","Non-Fatal Injury","Pedestrian Collisions","Driver","55 to 59","","None","","East","Automobile, Station Wagon","Going Ahead","Driving Properly","Normal","","","","","","","Yes",1,"",0,"Yes",1,"",0,"",0,"",0,"",0,"",0,"",0,"",0,"",0,"",0,"",0,127,"Bendale (127)",14105,1,-1.3915565935292937,0.19915937182856289,0.8008406281714372,"Non-Fatal Injury",1
-8851170.45269164,5416653.04135903,80948888,8001478093,2018,2018-08-11 00:00:00.000,1420,14,"EGLINTON AVE W","day","SCARLETT RD","","Major Arterial","Etobicoke York",2,23,43.68389,-79.511417,"Intersection","At Intersection","Traffic Signal","Clear",1,"Daylight","Dry","Non-Fatal Injury","Pedestrian Collisions","Driver","25 to 29","","Major","","East","Automobile, Station Wagon","Going Ahead","Driving Properly","Normal","","","","","","","Yes",1,"",0,"Yes",1,"",0,"",0,"",0,"",0,"Yes",1,"",0,"Yes",1,"",0,"",0,"",0,8,"Humber Heights-Westmount (8)",14112,1,-1.8008091122543748,0.14175260073812634,0.85824739926187366,"Non-Fatal Injury",1
-8832867.96993235,5430694.07723302,80950738,8001655857,2018,2018-09-07 00:00:00.000,729,7,"DON MILLS RD","day","SHEPPARD AVE E","","Major Arterial","North York",17,33,43.775035,-79.347003,"Intersection","At Intersection","Traffic Signal","Clear",1,"Daylight","Dry","Non-Fatal Injury","Pedestrian Collisions","Driver","40 to 44","","None","","South","Automobile, Station Wagon","Going Ahead","Driving Properly","Normal","","","","","","","Yes",1,"",0,"Yes",1,"",0,"",0,"",0,"",0,"",0,"",0,"",0,"",0,"",0,"",0,53,"Henry Farm (53)",14154,0,-1.4744956347788278,0.18626026111838395,0.8137397388816161,"Non-Fatal Injury",1
-8834980.25727015,5412879.18438689,80949683,8001299322,2018,2018-07-16 00:00:00.000,1928,19,"DUNDAS ST E","night","PARLIAMENT ST","","Major Arterial","Toronto and East York",13,51,43.659369,-79.365978,"Intersection","At Intersection","Traffic Signal","Clear",1,"Daylight","Dry","Non-Fatal Injury","Cyclist Collisions","Driver","55 to 59","","None","","West","Automobile, Station Wagon","Going Ahead","Driving Properly","Normal","","","","","","","",0,"Yes",1,"Yes",1,"",0,"",0,"",0,"",0,"",0,"",0,"",0,"",0,"",0,"",0,72,"Regent Park (72)",14402,0,-2.3363131510770314,0.088159842408262135,0.91184015759173787,"Non-Fatal Injury",1
-8856538.83513514,5421173.35702221,80948823,8001463987,2018,2018-08-09 00:00:00.000,1415,14,"REXDALE  BLVD","day","BERGAMOT AVE","","Major Arterial","Etobicoke York",1,23,43.713248,-79.559642,"Intersection","At Intersection","Traffic Signal","Clear",1,"Daylight","Dry","Non-Fatal Injury","Turning Movement","Driver","70 to 74","","Major","","West","Automobile, Station Wagon","Going Ahead","Driving Properly","Normal","","","","","","","",0,"",0,"Yes",1,"",0,"",0,"",0,"",0,"",0,"",0,"Yes",1,"",0,"",0,"",0,1,"West Humber-Clairville (1)",14467,1,-2.2607677063333815,0.0944247029534544,0.9055752970465456,"Non-Fatal Injury",1
-8828017.668399,5423232.23696918,80888885,8000732809,2018,2018-04-24 00:00:00.000,1401,14,"VICTORIA PARK AVE","day","JONESVILLE CRES","","Major Arterial","North York",,41,43.726615,-79.303432,"Intersection","At Intersection","Traffic Signal","Clear",1,"Daylight","Dry","Non-Fatal Injury","Turning Movement","Driver","45 to 49","","None","","South","Automobile, Station Wagon","Going Ahead","Driving Properly","Normal","","","","","","","",0,"",0,"Yes",1,"",0,"",0,"",0,"",0,"",0,"",0,"Yes",1,"",0,"",0,"",0,119,"Wexford/Maryvale (119)",14554,1,-2.9513547091072097,0.04967252326630045,0.95032747673369944,"Non-Fatal Injury",1
-8832812.75546492,5424744.92156232,80950728,8001689735,2018,2018-09-12 00:00:00.000,1115,11,"LAWRENCE AVE E","day","THE DONWAY  W","","Major Arterial","North York",16,33,43.736434,-79.346507,"Intersection","At Intersection","Traffic Signal","Clear",1,"Daylight","Dry","Non-Fatal Injury","Pedestrian Collisions","Driver","60 to 64","","None","","North","Automobile, Station Wagon","Going Ahead","Driving Properly","Normal","","","","","","","Yes",1,"",0,"Yes",1,"",0,"",0,"",0,"",0,"",0,"",0,"Yes",1,"Yes",1,"",0,"",0,42,"Banbury-Don Mills (42)",14587,0,-1.4092862224552736,0.19634666223287586,0.80365333776712422,"Non-Fatal Injury",1
-8834904.6713359,5433043.14025481,80943066,7003008719,2017,2017-11-16 00:00:00.000,1120,11,"FINCH AVE E","day","RAVEL RD","","Major Arterial","North York",17,33,43.79027,-79.365299,"Intersection","At Intersection","No Control","Clear",1,"Daylight","Dry","Non-Fatal Injury","Pedestrian Collisions","Driver","70 to 74","","None","","West","Automobile, Station Wagon","Going Ahead","Driving Properly","Normal","","","","","","","Yes",1,"",0,"Yes",1,"",0,"",0,"",0,"",0,"",0,"",0,"",0,"",0,"",0,"",0,47,"Don Valley Village (47)",14590,0,-1.0611887012091037,0.25708235789298256,0.7429176421070175,"Non-Fatal Injury",1
-8825377.17007738,5436237.96324003,80972191,8001784875,2018,2018-09-26 00:00:00.000,1755,17,"BRIMLEY RD","day","BRIMWOOD  BLVD","","Major Arterial","Scarborough",23,42,43.810984,-79.279712,"Intersection","At Intersection","Traffic Signal","Clear",1,"Daylight","Dry","Non-Fatal Injury","Cyclist Collisions","Driver","45 to 49","","None","","North","Automobile, Station Wagon","Going Ahead","Driving Properly","Normal","","","","","","","",0,"Yes",1,"Yes",1,"",0,"",0,"",0,"",0,"",0,"",0,"",0,"",0,"",0,"",0,129,"Agincourt North (129)",14657,0,-2.6965322615306695,0.063178289741991578,0.93682171025800842,"Non-Fatal Injury",1
-8857780.49273545,5417827.48240698,80949855,8001570901,2018,2018-08-25 00:00:00.000,1100,11,"DIXON RD","day","MARTIN GROVE RD","","Major Arterial","Etobicoke York",,23,43.691519,-79.570796,"Intersection","At Intersection","Traffic Signal","Clear",1,"Daylight","Dry","Non-Fatal Injury","Turning Movement","Driver","40 to 44","","Major","","West","Automobile, Station Wagon","Going Ahead","Driving Properly","Normal","","","","","","","",0,"",0,"Yes",1,"",0,"",0,"",0,"",0,"",0,"",0,"Yes",1,"",0,"",0,"",0,1,"West Humber-Clairville (1)",14691,0,-2.7267716670864468,0.061411982442487266,0.93858801755751287,"Non-Fatal Injury",1
-8839448.39899161,5418934.01674454,80950201,8001631452,2018,2018-09-03 00:00:00.000,1522,15,"AVENUE RD","day","CHAPLIN CRES","","Major Arterial","Toronto and East York",12,53,43.698706,-79.406116,"Intersection","At Intersection","Traffic Signal","Clear",1,"Daylight","Dry","Non-Fatal Injury","Angle","Driver","30 to 34","","Minor","","West","Automobile, Station Wagon","Going Ahead","Driving Properly","Normal","","","","","","","",0,"",0,"Yes",1,"",0,"",0,"",0,"",0,"Yes",1,"",0,"Yes",1,"Yes",1,"",0,"",0,100,"Yonge-Eglinton (100)",14722,0,-2.100746027847892,0.10902433238205146,0.89097566761794844,"Non-Fatal Injury",1
-8853842.34310966,5420949.58335324,81130176,8000311536,2018,2018-02-18 00:00:00.000,1442,14,"401 C E WESTON RD RAMP","day","WESTON RD","","Major Arterial","Etobicoke York",5,12,43.711795,-79.535419,"Intersection","At Intersection","Traffic Signal","Clear",1,"Daylight","Dry","Non-Fatal Injury","Turning Movement","Driver","20 to 24","","Minor","","South","Automobile, Station Wagon","Going Ahead","Driving Properly","Normal","","","","","","","",0,"",0,"Yes",1,"",0,"",0,"",0,"",0,"Yes",1,"",0,"Yes",1,"Yes",1,"",0,"",0,23,"Pelmo Park-Humberlea (23)",14758,0,-2.2369259152411329,0.096483190327924642,0.90351680967207537,"Non-Fatal Injury",1
-8840042.06583601,5420845.01376023,81117399,8000337135,2018,2018-02-22 00:00:00.000,1430,14,"AVENUE RD","day","BRIAR HILL AVE","","Major Arterial","North York",8,53,43.711116,-79.411449,"Intersection","At Intersection","Stop Sign","Clear",1,"Daylight","Dry","Non-Fatal Injury","Angle","Driver","75 to 79","","Minor","","South","Automobile, Station Wagon","Going Ahead","Driving Properly","Normal","","","","","","","",0,"",0,"Yes",1,"",0,"",0,"",0,"",0,"Yes",1,"",0,"Yes",1,"",0,"",0,"",0,100,"Yonge-Eglinton (100)",14775,0,-2.0074243082391918,0.11842561840908374,0.88157438159091617,"Non-Fatal Injury",1
-8851995.10747943,5406360.86583889,81270537,9001113942,2019,2019-06-16 00:00:00.000,1710,17,"EVANS AV","day","HORNER AV","","Major Arterial","Etobicoke York",3,22,43.616992,-79.518825,"Intersection","Intersection Related","Traffic Signal","Clear",1,"Daylight","Dry","Non-Fatal Injury","Cyclist Collisions","Driver","70 to 74","","None","","North","Automobile, Station Wagon","Going Ahead","Driving Properly","Normal","","","","","","","",0,"Yes",1,"Yes",1,"",0,"",0,"",0,"",0,"",0,"",0,"",0,"",0,"",0,"",0,17,"Mimico (includes Humber Bay Shores) (17)",15035,0,-1.9532482315735136,0.12419960333247651,0.87580039666752352,"Non-Fatal Injury",1
-8842739.44841743,5415990.06922875,81334487,9001220436,2019,2019-07-01 00:00:00.000,719,7,"ST CLAIR AVE W","day","OAKWOOD AVE","","Major Arterial","Toronto and East York",9,13,43.679583,-79.43568,"Intersection","At Intersection","Traffic Signal","Clear",1,"Daylight","Dry","Non-Fatal Injury","Pedestrian Collisions","Driver","55 to 59","","None","","West","Automobile, Station Wagon","Going Ahead","Driving Properly","Normal","","","","","","","Yes",1,"",0,"Yes",1,"",0,"",0,"",0,"",0,"",0,"",0,"",0,"",0,"",0,"",0,94,"Wychwood (94)",15075,1,-1.2861625391626239,0.21650304910672744,0.78349695089327265,"Non-Fatal Injury",1
-8820993.18589096,5421938.9719794,81333135,9001227477,2019,2019-07-02 00:00:00.000,1015,10,"BRIMLEY Road","day","KINGSTON Road","","Major Arterial","Scarborough",20,43,43.718219,-79.24033,"Intersection","At Intersection","Traffic Signal","Clear",1,"Daylight","Dry","Non-Fatal Injury","Angle","Driver","50 to 54","","Minor","","East","Automobile, Station Wagon","Going Ahead","Driving Properly","Normal","","","","","","","",0,"",0,"Yes",1,"",0,"",0,"",0,"",0,"Yes",1,"",0,"Yes",1,"Yes",1,"",0,"",0,123,"Cliffcrest (123)",15078,1,-1.8404077807934947,0.13700307219788196,0.862996927802118,"Non-Fatal Injury",1
-8844475.47587635,5409797.03431112,81128249,9000355790,2019,2019-02-25 00:00:00.000,1452,14,"THE QUEENSWAY","day","GLENDALE AVE","","Major Arterial","Toronto and East York",4,11,43.639335,-79.451275,"Intersection","At Intersection","Traffic Signal","Clear",1,"Daylight","Dry","Non-Fatal Injury","Pedestrian Collisions","Driver","30 to 34","","None","","West","Automobile, Station Wagon","Going Ahead","Driving Properly","Normal","","","","","","","Yes",1,"",0,"Yes",1,"",0,"",0,"",0,"",0,"Yes",1,"",0,"",0,"",0,"",0,"",0,87,"High Park-Swansea (87)",15195,1,-1.3904684871481319,0.1993329760765386,0.80066702392346134,"Non-Fatal Injury",1
-8822210.13056431,5420109.51795801,81075072,9000408644,2019,2019-03-05 00:00:00.000,1640,16,"KINGSTON RD","day","SHARPE ST","","Major Arterial","Scarborough",20,41,43.70634,-79.251262,"Intersection","At Intersection","Traffic Signal","Clear",1,"Daylight","Dry","Non-Fatal Injury","Pedestrian Collisions","Driver","20 to 24","","None","","West","Automobile, Station Wagon","Going Ahead","Driving Properly","Normal","","","","","","","Yes",1,"",0,"Yes",1,"",0,"",0,"",0,"",0,"",0,"",0,"",0,"",0,"",0,"",0,122,"Birchcliffe-Cliffside (122)",15219,0,-1.6535923157405037,0.1606240287107229,0.8393759712892771,"Non-Fatal Injury",1
-8829245.74502143,5427714.01082173,81330889,9001388316,2019,2019-07-24 00:00:00.000,549,5,"VICTORIA PARK AVENUE","day","IVORDALE CRESENT","","Major Arterial","North York",,41,43.755702,-79.314464,"Intersection","Intersection Related","Stop Sign","Clear",1,"Daylight","Dry","Non-Fatal Injury","Turning Movement","Driver","30 to 34","","Major","","North","Automobile, Station Wagon","Going Ahead","Driving Properly","Normal","","","","","","","",0,"",0,"Yes",1,"",0,"",0,"",0,"",0,"",0,"",0,"Yes",1,"",0,"",0,"",0,119,"Wexford/Maryvale (119)",15224,1,-2.8789320329347765,0.053204908664096322,0.94679509133590367,"Non-Fatal Injury",1